n,entry_time,entry_dt,expiry_dt,direction,tf,module,market_direction,entry_price,expiry_price,result,pips,gap_entry,contiguous_expiry,sig_hour,sig_weekday,sig_month,ema9,ema12,atr
1,1787259870.0,2026-08-20 21:04,2026-08-20 21:05:30,PUT,30,S30A_MTF,NEUTRAL,1.167875,1.167855,WIN,1.999999999990898e-05,False,True,21,Thu,2026-08,,,6.224999999998223e-05
2,1787259990.0,2026-08-20 21:06,2026-08-20 21:07:30,PUT,30,S30A_MTF,NEUTRAL,1.167875,1.167855,WIN,1.999999999990898e-05,False,True,21,Thu,2026-08,,,6.19999999999843e-05
3,1787260110.0,2026-08-20 21:08,2026-08-20 21:09:30,PUT,30,S30A_MTF,NEUTRAL,1.16783,1.16784,LOSS,-1.0000000000065512e-05,False,True,21,Thu,2026-08,,,6.024999999998763e-05
4,1787260980.0,2026-08-20 21:23,2026-08-20 21:24:00,CALL,30,S30A_MTF,NEUTRAL,1.167795,1.167805,WIN,1.0000000000065512e-05,False,True,21,Thu,2026-08,,,5.816666666665545e-05
5,1787261100.0,2026-08-20 21:25,2026-08-20 21:26:00,CALL,30,S30A_MTF,NEUTRAL,1.1678,1.167795,LOSS,-5.000000000032756e-06,False,True,21,Thu,2026-08,,,5.783333333331623e-05
6,1787261160.0,2026-08-20 21:26,2026-08-20 21:27:00,CALL,30,S30A_MTF,NEUTRAL,1.167795,1.16774,LOSS,-5.499999999991623e-05,False,True,21,Thu,2026-08,,,5.7416666666650534e-05
7,1787261220.0,2026-08-20 21:27,2026-08-20 21:28:00,CALL,30,S30A_MTF,NEUTRAL,1.16774,1.16786,WIN,0.00011999999999989797,False,True,21,Thu,2026-08,,,5.7749999999982356e-05
8,1787261970.0,2026-08-20 21:39,2026-08-20 21:40:30,PUT,30,S30A_MTF,NEUTRAL,1.16786,1.16786,DRAW,-0.0,False,True,21,Thu,2026-08,,,5.658333333331544e-05
9,1787262240.0,2026-08-20 21:44,2026-08-20 21:45:00,PUT,30,S30A_MTF,NEUTRAL,1.16786,1.167845,WIN,1.4999999999876223e-05,False,True,21,Thu,2026-08,,,5.6749999999986905e-05
10,1787262330.0,2026-08-20 21:45,2026-08-20 21:46:30,PUT,30,S30A_MTF,NEUTRAL,1.16787,1.167845,WIN,2.4999999999941735e-05,False,True,21,Thu,2026-08,,,5.6416666666655084e-05
11,1787262570.0,2026-08-20 21:49,2026-08-20 21:50:30,PUT,30,S30A_MTF,NEUTRAL,1.16785,1.167835,WIN,1.5000000000098268e-05,False,True,21,Thu,2026-08,,,5.633333333332491e-05
12,1787263590.0,2026-08-20 22:06,2026-08-20 22:07:30,PUT,30,S30A_MTF,NEUTRAL,1.16819,1.16819,DRAW,-0.0,False,True,22,Thu,2026-08,,,5.71666666666637e-05
13,1787263680.0,2026-08-20 22:08,2026-08-20 22:09:00,PUT,30,S30A_MTF,NEUTRAL,1.168195,1.168115,WIN,8.000000000008001e-05,False,True,22,Thu,2026-08,,,5.691666666666206e-05
14,1787263830.0,2026-08-20 22:10,2026-08-20 22:11:30,PUT,30,S30A_MTF,NEUTRAL,1.168075,1.16809,LOSS,-1.5000000000098268e-05,False,True,22,Thu,2026-08,,,5.816666666665915e-05
15,1787263920.0,2026-08-20 22:12,2026-08-20 22:13:00,PUT,30,S30A_MTF,NEUTRAL,1.16809,1.168125,LOSS,-3.500000000000725e-05,False,True,22,Thu,2026-08,,,5.71666666666637e-05
16,1787264100.0,2026-08-20 22:15,2026-08-20 22:16:00,PUT,30,S30A_MTF,NEUTRAL,1.16816,1.168205,LOSS,-4.4999999999850715e-05,False,True,22,Thu,2026-08,,,5.858333333332855e-05
17,1787264250.0,2026-08-20 22:17,2026-08-20 22:18:30,PUT,30,S30A_MTF,NEUTRAL,1.16812,1.168125,LOSS,-5.000000000032756e-06,False,True,22,Thu,2026-08,,,6.024999999999133e-05
18,1787264310.0,2026-08-20 22:18,2026-08-20 22:19:30,PUT,30,S30A_MTF,NEUTRAL,1.168125,1.16815,LOSS,-2.4999999999941735e-05,False,True,22,Thu,2026-08,,,5.991666666665951e-05
19,1787264370.0,2026-08-20 22:19,2026-08-20 22:20:30,PUT,30,S30A_MTF,NEUTRAL,1.16815,1.16817,LOSS,-1.999999999990898e-05,False,True,22,Thu,2026-08,,,5.933333333332236e-05
20,1787264430.0,2026-08-20 22:20,2026-08-20 22:21:30,PUT,30,S30A_MTF,NEUTRAL,1.16817,1.16816,WIN,9.999999999843467e-06,False,True,22,Thu,2026-08,,,5.9749999999988056e-05
21,1787264580.0,2026-08-20 22:23,2026-08-20 22:24:00,PUT,30,S30A_MTF,NEUTRAL,1.16817,1.168145,WIN,2.4999999999941735e-05,False,True,22,Thu,2026-08,,,5.9583333333324e-05
22,1787264730.0,2026-08-20 22:25,2026-08-20 22:26:30,PUT,30,S30A_MTF,NEUTRAL,1.168245,1.16835,LOSS,-0.00010500000000002174,False,True,22,Thu,2026-08,,,6.033333333332891e-05
23,1787264910.0,2026-08-20 22:28,2026-08-20 22:29:30,PUT,30,S30A_MTF,NEUTRAL,1.16838,1.168295,WIN,8.499999999989072e-05,False,True,22,Thu,2026-08,,,6.0249999999998734e-05
24,1787265000.0,2026-08-20 22:30,2026-08-20 22:31:00,PUT,30,S30A_MTF,NEUTRAL,1.16833,1.168265,WIN,6.499999999998174e-05,False,True,22,Thu,2026-08,,,6.19999999999954e-05
25,1787265150.0,2026-08-20 22:32,2026-08-20 22:33:30,PUT,30,S30A_MTF,NEUTRAL,1.168205,1.168195,WIN,9.999999999843467e-06,False,True,22,Thu,2026-08,,,6.291666666666066e-05
26,1787265300.0,2026-08-20 22:35,2026-08-20 22:36:00,PUT,30,S30A_MTF,NEUTRAL,1.16822,1.168215,WIN,5.000000000032756e-06,False,True,22,Thu,2026-08,,,6.458333333333084e-05
27,1787265360.0,2026-08-20 22:36,2026-08-20 22:37:00,PUT,30,S30A_MTF,NEUTRAL,1.168215,1.16822,LOSS,-5.000000000032756e-06,False,True,22,Thu,2026-08,,,6.458333333333084e-05
28,1787265420.0,2026-08-20 22:37,2026-08-20 22:38:00,PUT,30,S30A_MTF,NEUTRAL,1.16822,1.16821,WIN,1.0000000000065512e-05,False,True,22,Thu,2026-08,,,6.483333333332879e-05
29,1787265720.0,2026-08-20 22:42,2026-08-20 22:43:00,PUT,30,S30A_MTF,NEUTRAL,1.168245,1.168235,WIN,1.0000000000065512e-05,False,True,22,Thu,2026-08,,,6.416666666666885e-05
30,1787265810.0,2026-08-20 22:43,2026-08-20 22:44:30,PUT,30,S30A_MTF,NEUTRAL,1.168235,1.168245,LOSS,-1.0000000000065512e-05,False,True,22,Thu,2026-08,,,6.383333333333333e-05
31,1787266200.0,2026-08-20 22:50,2026-08-20 22:51:00,PUT,30,S30A_MTF,NEUTRAL,1.16829,1.16833,LOSS,-4.0000000000040004e-05,False,True,22,Thu,2026-08,,,6.458333333333824e-05
32,1787266320.0,2026-08-20 22:52,2026-08-20 22:53:00,PUT,30,S30A_MTF,NEUTRAL,1.168345,1.168385,LOSS,-4.0000000000040004e-05,False,True,22,Thu,2026-08,,,6.500000000000764e-05
33,1787266410.0,2026-08-20 22:53,2026-08-20 22:54:30,PUT,30,S30A_MTF,NEUTRAL,1.168395,1.168375,WIN,2.0000000000131024e-05,False,True,22,Thu,2026-08,,,6.616666666667456e-05
34,1787266680.0,2026-08-20 22:58,2026-08-20 22:59:00,PUT,30,S30A_MTF,NEUTRAL,1.168315,1.16832,LOSS,-5.000000000032756e-06,False,True,22,Thu,2026-08,,,6.683333333333819e-05
35,1787519040.0,2026-08-23 21:04,2026-08-23 21:05:00,CALL,30,S30A_MTF,NEUTRAL,1.16752,1.1676,WIN,8.000000000008001e-05,False,True,21,Sun,2026-08,,,8.816666666667805e-05
36,1787519460.0,2026-08-23 21:11,2026-08-23 21:12:00,PUT,30,S30A_MTF,NEUTRAL,1.16765,1.167635,WIN,1.5000000000098268e-05,False,True,21,Sun,2026-08,,,8.891666666668296e-05
37,1787519550.0,2026-08-23 21:12,2026-08-23 21:13:30,PUT,30,S30A_MTF,NEUTRAL,1.167645,1.167645,DRAW,-0.0,False,True,21,Sun,2026-08,,,8.875000000001521e-05
38,1787519610.0,2026-08-23 21:13,2026-08-23 21:14:30,PUT,30,S30A_MTF,NEUTRAL,1.167645,1.167645,DRAW,-0.0,False,True,21,Sun,2026-08,,,8.783333333335363e-05
39,1787519760.0,2026-08-23 21:16,2026-08-23 21:17:00,PUT,30,S30A_MTF,NEUTRAL,1.16766,1.167735,LOSS,-7.500000000004725e-05,False,True,21,Sun,2026-08,,,8.541666666669334e-05
40,1787519880.0,2026-08-23 21:18,2026-08-23 21:19:00,PUT,30,S30A_MTF,NEUTRAL,1.167745,1.167765,LOSS,-1.999999999990898e-05,False,True,21,Sun,2026-08,,,8.550000000001982e-05
41,1787519940.0,2026-08-23 21:19,2026-08-23 21:20:00,PUT,30,S30A_MTF,NEUTRAL,1.167765,1.167765,DRAW,-0.0,False,True,21,Sun,2026-08,,,8.550000000001982e-05
42,1787520060.0,2026-08-23 21:21,2026-08-23 21:22:00,PUT,30,S30A_MTF,NEUTRAL,1.16776,1.1678,LOSS,-4.0000000000040004e-05,False,True,21,Sun,2026-08,,,8.408333333335498e-05
43,1787520300.0,2026-08-23 21:25,2026-08-23 21:26:00,PUT,30,S30A_MTF,NEUTRAL,1.16785,1.167805,WIN,4.500000000007276e-05,False,True,21,Sun,2026-08,,,8.40000000000174e-05
44,1787520360.0,2026-08-23 21:26,2026-08-23 21:27:00,PUT,30,S30A_MTF,NEUTRAL,1.167805,1.167785,WIN,1.999999999990898e-05,False,True,21,Sun,2026-08,,,8.408333333334758e-05
45,1787520450.0,2026-08-23 21:27,2026-08-23 21:28:30,PUT,30,S30A_MTF,NEUTRAL,1.167785,1.16782,LOSS,-3.500000000000725e-05,False,True,21,Sun,2026-08,,,8.375000000001575e-05
46,1787520780.0,2026-08-23 21:33,2026-08-23 21:34:00,PUT,30,S30A_MTF,NEUTRAL,1.167845,1.167835,WIN,1.0000000000065512e-05,False,True,21,Sun,2026-08,,,8.391666666667981e-05
47,1787520960.0,2026-08-23 21:36,2026-08-23 21:37:00,PUT,30,S30A_MTF,NEUTRAL,1.167865,1.16783,WIN,3.500000000000725e-05,False,True,21,Sun,2026-08,,,8.108333333334642e-05
48,1787521170.0,2026-08-23 21:39,2026-08-23 21:40:30,PUT,30,S30A_MTF,NEUTRAL,1.16779,1.1678,LOSS,-9.999999999843467e-06,False,True,21,Sun,2026-08,,,8.083333333334479e-05
49,1787521950.0,2026-08-23 21:52,2026-08-23 21:53:30,PUT,30,S30A_MTF,NEUTRAL,1.167795,1.16778,WIN,1.4999999999876223e-05,False,True,21,Sun,2026-08,,,7.441666666666939e-05
50,1787522070.0,2026-08-23 21:54,2026-08-23 21:55:30,PUT,30,S30A_MTF,NEUTRAL,1.167785,1.16778,WIN,5.000000000032756e-06,False,True,21,Sun,2026-08,,,7.366666666667188e-05
51,1787522190.0,2026-08-23 21:56,2026-08-23 21:57:30,PUT,30,S30A_MTF,NEUTRAL,1.16778,1.167775,WIN,5.000000000032756e-06,False,True,21,Sun,2026-08,,,7.183333333333763e-05
52,1787522610.0,2026-08-23 22:03,2026-08-23 22:04:30,CALL,30,S30A_MTF,NEUTRAL,1.167585,1.167625,WIN,3.999999999981796e-05,False,True,22,Sun,2026-08,,,7.008333333332986e-05
53,1787522760.0,2026-08-23 22:06,2026-08-23 22:07:00,CALL,30,S30A_MTF,NEUTRAL,1.16768,1.167775,WIN,9.499999999995623e-05,False,True,22,Sun,2026-08,,,6.983333333332823e-05
54,1787524050.0,2026-08-23 22:27,2026-08-23 22:28:30,PUT,30,S30A_MTF,NEUTRAL,1.167835,1.167855,LOSS,-2.0000000000131024e-05,False,True,22,Sun,2026-08,,,7.458333333332974e-05
55,1787524110.0,2026-08-23 22:28,2026-08-23 22:29:30,PUT,30,S30A_MTF,NEUTRAL,1.167855,1.16789,LOSS,-3.500000000000725e-05,False,True,22,Sun,2026-08,,,7.424999999999793e-05
56,1787524170.0,2026-08-23 22:29,2026-08-23 22:30:30,PUT,30,S30A_MTF,NEUTRAL,1.16789,1.16796,LOSS,-7.00000000000145e-05,False,True,22,Sun,2026-08,,,7.425000000000163e-05
57,1787524350.0,2026-08-23 22:32,2026-08-23 22:33:30,PUT,30,S30A_MTF,NEUTRAL,1.16788,1.167795,WIN,8.500000000011276e-05,False,True,22,Sun,2026-08,,,7.658333333333914e-05
58,1787524860.0,2026-08-23 22:41,2026-08-23 22:42:00,CALL,30,S30A_MTF,NEUTRAL,1.16755,1.167595,WIN,4.4999999999850715e-05,False,True,22,Sun,2026-08,,,8.091666666667866e-05
59,1787525130.0,2026-08-23 22:45,2026-08-23 22:46:30,CALL,30,S30A_MTF,NEUTRAL,1.1676,1.16755,LOSS,-4.999999999988347e-05,False,True,22,Sun,2026-08,,,8.266666666668273e-05
60,1787525250.0,2026-08-23 22:47,2026-08-23 22:48:30,CALL,30,S30A_MTF,NEUTRAL,1.167535,1.167525,LOSS,-1.0000000000065512e-05,False,True,22,Sun,2026-08,,,8.425000000001533e-05
61,1787525370.0,2026-08-23 22:49,2026-08-23 22:50:30,CALL,30,S30A_MTF,NEUTRAL,1.167565,1.167535,LOSS,-2.999999999997449e-05,False,True,22,Sun,2026-08,,,8.508333333334672e-05
62,1787525430.0,2026-08-23 22:50,2026-08-23 22:51:30,CALL,30,S30A_MTF,NEUTRAL,1.167535,1.167575,WIN,4.0000000000040004e-05,False,True,22,Sun,2026-08,,,8.533333333334465e-05
63,1787525640.0,2026-08-23 22:54,2026-08-23 22:55:00,CALL,30,S30A_MTF,NEUTRAL,1.167545,1.167555,WIN,9.999999999843467e-06,False,True,22,Sun,2026-08,,,8.541666666668224e-05
64,1787525700.0,2026-08-23 22:55,2026-08-23 22:56:00,CALL,30,S30A_MTF,NEUTRAL,1.167555,1.16756,WIN,5.000000000032756e-06,False,True,22,Sun,2026-08,,,8.541666666667854e-05
65,1787525760.0,2026-08-23 22:56,2026-08-23 22:57:00,CALL,30,S30A_MTF,NEUTRAL,1.16756,1.167575,WIN,1.5000000000098268e-05,False,True,22,Sun,2026-08,,,8.475000000001491e-05
66,1787525940.0,2026-08-23 22:59,2026-08-23 23:00:00,CALL,30,S30A_MTF,NEUTRAL,1.16754,1.167575,WIN,3.500000000000725e-05,False,True,22,Sun,2026-08,,,8.475000000002231e-05
67,1787605740.0,2026-08-24 21:09,2026-08-24 21:10:00,CALL,30,S30A_MTF,NEUTRAL,1.166265,1.166255,LOSS,-1.0000000000065512e-05,False,True,21,Mon,2026-08,,,6.508333333333412e-05
68,1787605890.0,2026-08-24 21:11,2026-08-24 21:12:30,CALL,30,S30A_MTF,NEUTRAL,1.16626,1.166225,LOSS,-3.500000000000725e-05,False,True,21,Mon,2026-08,,,6.491666666667007e-05
69,1787606700.0,2026-08-24 21:25,2026-08-24 21:26:00,PUT,30,S30A_MTF,NEUTRAL,1.166435,1.16643,WIN,5.000000000032756e-06,False,True,21,Mon,2026-08,,,7.291666666667066e-05
70,1787606880.0,2026-08-24 21:28,2026-08-24 21:29:00,PUT,30,S30A_MTF,NEUTRAL,1.166455,1.16642,WIN,3.500000000000725e-05,False,True,21,Mon,2026-08,,,7.175000000000745e-05
71,1787606970.0,2026-08-24 21:29,2026-08-24 21:30:30,PUT,30,S30A_MTF,NEUTRAL,1.16644,1.16643,WIN,9.999999999843467e-06,False,True,21,Mon,2026-08,,,7.20000000000091e-05
72,1787607240.0,2026-08-24 21:34,2026-08-24 21:35:00,PUT,30,S30A_MTF,NEUTRAL,1.166415,1.1664,WIN,1.4999999999876223e-05,False,True,21,Mon,2026-08,,,7.191666666667521e-05
73,1787607600.0,2026-08-24 21:40,2026-08-24 21:41:00,PUT,30,S30A_MTF,NEUTRAL,1.16641,1.16634,WIN,7.00000000000145e-05,False,True,21,Mon,2026-08,,,7.141666666668303e-05
74,1787607840.0,2026-08-24 21:44,2026-08-24 21:45:00,PUT,30,S30A_MTF,NEUTRAL,1.166465,1.16647,LOSS,-4.999999999810711e-06,False,True,21,Mon,2026-08,,,7.27500000000103e-05
75,1787608230.0,2026-08-24 21:50,2026-08-24 21:51:30,PUT,30,S30A_MTF,NEUTRAL,1.166545,1.16643,WIN,0.00011499999999986521,False,True,21,Mon,2026-08,,,7.141666666667194e-05
76,1787608440.0,2026-08-24 21:54,2026-08-24 21:55:00,PUT,30,S30A_MTF,NEUTRAL,1.1664,1.1664,DRAW,-0.0,False,True,21,Mon,2026-08,,,7.216666666666945e-05
77,1787608530.0,2026-08-24 21:55,2026-08-24 21:56:30,PUT,30,S30A_MTF,NEUTRAL,1.166405,1.166435,LOSS,-3.0000000000196536e-05,False,True,21,Mon,2026-08,,,7.216666666666945e-05
78,1787608650.0,2026-08-24 21:57,2026-08-24 21:58:30,PUT,30,S30A_MTF,NEUTRAL,1.16644,1.16639,WIN,4.999999999988347e-05,False,True,21,Mon,2026-08,,,7.241666666667109e-05
79,1787609070.0,2026-08-24 22:04,2026-08-24 22:05:30,PUT,30,S30A_MTF,NEUTRAL,1.166485,1.166475,WIN,1.0000000000065512e-05,False,True,22,Mon,2026-08,,,6.425000000000273e-05
80,1787609160.0,2026-08-24 22:06,2026-08-24 22:07:00,PUT,30,S30A_MTF,NEUTRAL,1.16652,1.166475,WIN,4.500000000007276e-05,False,True,22,Mon,2026-08,,,6.19999999999991e-05
81,1787609700.0,2026-08-24 22:15,2026-08-24 22:16:00,PUT,30,S30A_MTF,NEUTRAL,1.166475,1.16648,LOSS,-5.000000000032756e-06,False,True,22,Mon,2026-08,,,5.833333333331951e-05
82,1787609940.0,2026-08-24 22:19,2026-08-24 22:20:00,PUT,30,S30A_MTF,NEUTRAL,1.166485,1.166475,WIN,1.0000000000065512e-05,False,True,22,Mon,2026-08,,,5.35833333333217e-05
83,1787610000.0,2026-08-24 22:20,2026-08-24 22:21:00,PUT,30,S30A_MTF,NEUTRAL,1.166475,1.166475,DRAW,-0.0,False,True,22,Mon,2026-08,,,5.2999999999991944e-05
84,1787610120.0,2026-08-24 22:22,2026-08-24 22:23:00,PUT,30,S30A_MTF,NEUTRAL,1.166505,1.16647,WIN,3.500000000000725e-05,False,True,22,Mon,2026-08,,,5.291666666666176e-05
85,1787610900.0,2026-08-24 22:35,2026-08-24 22:36:00,PUT,30,S30A_MTF,NEUTRAL,1.16646,1.166465,LOSS,-5.000000000032756e-06,False,True,22,Mon,2026-08,,,5.31666666666523e-05
86,1787610990.0,2026-08-24 22:36,2026-08-24 22:37:30,PUT,30,S30A_MTF,NEUTRAL,1.166465,1.166475,LOSS,-9.999999999843467e-06,False,True,22,Mon,2026-08,,,5.2749999999986605e-05
87,1787611380.0,2026-08-24 22:43,2026-08-24 22:44:00,PUT,30,S30A_MTF,NEUTRAL,1.166475,1.16647,WIN,5.000000000032756e-06,False,True,22,Mon,2026-08,,,5.091666666664866e-05
88,1787611860.0,2026-08-24 22:51,2026-08-24 22:52:00,PUT,30,S30A_MTF,NEUTRAL,1.166485,1.16646,WIN,2.4999999999941735e-05,False,True,22,Mon,2026-08,,,4.9749999999992854e-05
89,1787612100.0,2026-08-24 22:55,2026-08-24 22:56:00,PUT,30,S30A_MTF,NEUTRAL,1.166475,1.16646,WIN,1.4999999999876223e-05,False,True,22,Mon,2026-08,,,4.799999999999249e-05
90,1787692530.0,2026-08-25 21:15,2026-08-25 21:16:30,CALL,30,S30A_MTF,NEUTRAL,1.16728,1.16728,DRAW,0.0,False,True,21,Tue,2026-08,,,8.59166666666485e-05
91,1787692680.0,2026-08-25 21:18,2026-08-25 21:19:00,CALL,30,S30A_MTF,NEUTRAL,1.16727,1.16735,WIN,8.000000000008001e-05,False,True,21,Tue,2026-08,,,8.43333333333159e-05
92,1787692770.0,2026-08-25 21:19,2026-08-25 21:20:30,CALL,30,S30A_MTF,NEUTRAL,1.167335,1.167365,WIN,2.999999999997449e-05,False,True,21,Tue,2026-08,,,8.491666666664936e-05
93,1787692860.0,2026-08-25 21:21,2026-08-25 21:22:00,CALL,30,S30A_MTF,NEUTRAL,1.167345,1.16732,LOSS,-2.500000000016378e-05,False,True,21,Tue,2026-08,,,8.583333333331463e-05
94,1787692980.0,2026-08-25 21:23,2026-08-25 21:24:00,CALL,30,S30A_MTF,NEUTRAL,1.167315,1.16731,LOSS,-5.000000000032756e-06,False,True,21,Tue,2026-08,,,8.499999999998324e-05
95,1787693370.0,2026-08-25 21:29,2026-08-25 21:30:30,CALL,30,S30A_MTF,NEUTRAL,1.16736,1.16737,WIN,1.0000000000065512e-05,False,True,21,Tue,2026-08,,,8.333333333332416e-05
96,1787693580.0,2026-08-25 21:33,2026-08-25 21:34:00,CALL,30,S30A_MTF,NEUTRAL,1.1674,1.167405,WIN,5.000000000032756e-06,False,True,21,Tue,2026-08,,,8.116666666665809e-05
97,1787693700.0,2026-08-25 21:35,2026-08-25 21:36:00,CALL,30,S30A_MTF,NEUTRAL,1.167405,1.16747,WIN,6.499999999998174e-05,False,True,21,Tue,2026-08,,,7.883333333332428e-05
98,1787694540.0,2026-08-25 21:49,2026-08-25 21:50:00,PUT,30,S30A_MTF,NEUTRAL,1.167485,1.167475,WIN,1.0000000000065512e-05,False,True,21,Tue,2026-08,,,8.549999999999392e-05
99,1787695350.0,2026-08-25 22:02,2026-08-25 22:03:30,PUT,30,S30A_MTF,NEUTRAL,1.16756,1.167545,WIN,1.4999999999876223e-05,False,True,22,Tue,2026-08,,,8.466666666666623e-05
100,1787695470.0,2026-08-25 22:04,2026-08-25 22:05:30,PUT,30,S30A_MTF,NEUTRAL,1.167565,1.16756,WIN,5.000000000032756e-06,False,True,22,Tue,2026-08,,,7.975000000000065e-05
101,1787695920.0,2026-08-25 22:12,2026-08-25 22:13:00,CALL,30,S30A_MTF,NEUTRAL,1.167375,1.167385,WIN,9.999999999843467e-06,False,True,22,Tue,2026-08,,,7.858333333333374e-05
102,1787695980.0,2026-08-25 22:13,2026-08-25 22:14:00,CALL,30,S30A_MTF,NEUTRAL,1.167385,1.167465,WIN,8.000000000008001e-05,False,True,22,Tue,2026-08,,,7.908333333333332e-05
103,1787696520.0,2026-08-25 22:22,2026-08-25 22:23:00,CALL,30,S30A_MTF,NEUTRAL,1.167495,1.16752,WIN,2.4999999999941735e-05,False,True,22,Tue,2026-08,,,7.225000000000333e-05
104,1787697180.0,2026-08-25 22:33,2026-08-25 22:34:00,PUT,30,S30A_MTF,NEUTRAL,1.16755,1.16754,WIN,1.0000000000065512e-05,False,True,22,Tue,2026-08,,,6.983333333333933e-05
105,1787697600.0,2026-08-25 22:40,2026-08-25 22:41:00,PUT,30,S30A_MTF,NEUTRAL,1.16761,1.167635,LOSS,-2.4999999999941735e-05,False,True,22,Tue,2026-08,,,6.641666666666879e-05
106,1787697840.0,2026-08-25 22:44,2026-08-25 22:45:00,PUT,30,S30A_MTF,NEUTRAL,1.16759,1.16769,LOSS,-9.999999999998899e-05,False,True,22,Tue,2026-08,,,6.633333333333861e-05
107,1787697900.0,2026-08-25 22:45,2026-08-25 22:46:00,PUT,30,S30A_MTF,NEUTRAL,1.16769,1.167695,LOSS,-5.000000000032756e-06,False,True,22,Tue,2026-08,,,6.666666666667412e-05
108,1787697960.0,2026-08-25 22:46,2026-08-25 22:47:00,PUT,30,S30A_MTF,NEUTRAL,1.167695,1.16769,WIN,5.000000000032756e-06,False,True,22,Tue,2026-08,,,6.466666666667582e-05
109,1787698350.0,2026-08-25 22:52,2026-08-25 22:53:30,PUT,30,S30A_MTF,NEUTRAL,1.1677,1.167695,WIN,5.000000000032756e-06,False,True,22,Tue,2026-08,,,6.375000000000316e-05
110,1787698680.0,2026-08-25 22:58,2026-08-25 22:59:00,PUT,30,S30A_MTF,NEUTRAL,1.16771,1.167675,WIN,3.500000000000725e-05,False,True,22,Tue,2026-08,,,6.133333333333917e-05
111,1787778300.0,2026-08-26 21:05,2026-08-26 21:06:00,CALL,30,S30A_MTF,NEUTRAL,1.16507,1.165045,LOSS,-2.4999999999941735e-05,False,True,21,Wed,2026-08,,,8.458333333333974e-05
112,1787778930.0,2026-08-26 21:15,2026-08-26 21:16:30,CALL,30,S30A_MTF,NEUTRAL,1.165155,1.16522,WIN,6.499999999998174e-05,False,True,21,Wed,2026-08,,,8.708333333334502e-05
113,1787779680.0,2026-08-26 21:28,2026-08-26 21:29:00,PUT,30,S30A_MTF,NEUTRAL,1.165405,1.165395,WIN,1.0000000000065512e-05,False,True,21,Wed,2026-08,,,8.983333333335563e-05
114,1787780220.0,2026-08-26 21:37,2026-08-26 21:38:00,PUT,30,S30A_MTF,NEUTRAL,1.16531,1.165395,LOSS,-8.499999999989072e-05,False,True,21,Wed,2026-08,,,9.483333333336619e-05
115,1787780280.0,2026-08-26 21:38,2026-08-26 21:39:00,PUT,30,S30A_MTF,NEUTRAL,1.165395,1.16536,WIN,3.500000000000725e-05,False,True,21,Wed,2026-08,,,9.5166666666698e-05
116,1787780370.0,2026-08-26 21:39,2026-08-26 21:40:30,PUT,30,S30A_MTF,NEUTRAL,1.165365,1.16535,WIN,1.4999999999876223e-05,False,True,21,Wed,2026-08,,,9.51666666666943e-05
117,1787780490.0,2026-08-26 21:41,2026-08-26 21:42:30,PUT,30,S30A_MTF,NEUTRAL,1.16535,1.16541,LOSS,-5.999999999994898e-05,False,True,21,Wed,2026-08,,,9.550000000002982e-05
118,1787780820.0,2026-08-26 21:47,2026-08-26 21:48:00,PUT,30,S30A_MTF,NEUTRAL,1.165415,1.165365,WIN,5.0000000000105516e-05,False,True,21,Wed,2026-08,,,9.433333333336661e-05
119,1787781180.0,2026-08-26 21:53,2026-08-26 21:54:00,PUT,30,S30A_MTF,NEUTRAL,1.165345,1.165325,WIN,2.0000000000131024e-05,False,True,21,Wed,2026-08,,,9.575000000002775e-05
120,1787782140.0,2026-08-26 22:09,2026-08-26 22:10:00,CALL,30,S30A_MTF,NEUTRAL,1.16535,1.165385,WIN,3.49999999997852e-05,False,True,22,Wed,2026-08,,,6.883333333335869e-05
121,1787782320.0,2026-08-26 22:12,2026-08-26 22:13:00,PUT,30,S30A_MTF,NEUTRAL,1.165425,1.16541,WIN,1.4999999999876223e-05,False,True,22,Wed,2026-08,,,6.791666666668971e-05
122,1787782410.0,2026-08-26 22:13,2026-08-26 22:14:30,PUT,30,S30A_MTF,NEUTRAL,1.165405,1.1654,WIN,5.000000000032756e-06,False,True,22,Wed,2026-08,,,6.75833333333542e-05
123,1787782650.0,2026-08-26 22:17,2026-08-26 22:18:30,PUT,30,S30A_MTF,NEUTRAL,1.16544,1.16546,LOSS,-1.999999999990898e-05,False,True,22,Wed,2026-08,,,6.533333333335057e-05
124,1787782830.0,2026-08-26 22:20,2026-08-26 22:21:30,PUT,30,S30A_MTF,NEUTRAL,1.16548,1.165435,WIN,4.500000000007276e-05,False,True,22,Wed,2026-08,,,6.491666666668857e-05
125,1787783220.0,2026-08-26 22:27,2026-08-26 22:28:00,PUT,30,S30A_MTF,NEUTRAL,1.165485,1.165485,DRAW,-0.0,False,True,22,Wed,2026-08,,,6.691666666667947e-05
126,1787783520.0,2026-08-26 22:32,2026-08-26 22:33:00,PUT,30,S30A_MTF,NEUTRAL,1.165505,1.165485,WIN,1.999999999990898e-05,False,True,22,Wed,2026-08,,,6.050000000000777e-05
127,1787784060.0,2026-08-26 22:41,2026-08-26 22:42:00,PUT,30,S30A_MTF,NEUTRAL,1.16553,1.16546,WIN,7.00000000000145e-05,False,True,22,Wed,2026-08,,,5.55833333333311e-05
128,1787785050.0,2026-08-26 22:57,2026-08-26 22:58:30,CALL,30,S30A_MTF,NEUTRAL,1.1654,1.16539,LOSS,-1.0000000000065512e-05,False,True,22,Wed,2026-08,,,5.2833333333335286e-05
129,1787785110.0,2026-08-26 22:58,2026-08-26 22:59:30,CALL,30,S30A_MTF,NEUTRAL,1.16539,1.16542,WIN,2.999999999997449e-05,False,True,22,Wed,2026-08,,,5.300000000000304e-05
130,1787864610.0,2026-08-27 21:03,2026-08-27 21:04:30,PUT,30,S30A_MTF,NEUTRAL,1.164985,1.16515,LOSS,-0.00016499999999997073,False,True,21,Thu,2026-08,,,6.816666666666175e-05
131,1787865090.0,2026-08-27 21:11,2026-08-27 21:12:30,CALL,30,S30A_MTF,NEUTRAL,1.164875,1.16495,WIN,7.49999999998252e-05,False,True,21,Thu,2026-08,,,8.375000000000095e-05
132,1787865930.0,2026-08-27 21:25,2026-08-27 21:26:30,PUT,30,S30A_MTF,NEUTRAL,1.16539,1.1654,LOSS,-1.0000000000065512e-05,False,True,21,Thu,2026-08,,,8.991666666666732e-05
133,1787866290.0,2026-08-27 21:31,2026-08-27 21:32:30,PUT,30,S30A_MTF,NEUTRAL,1.16545,1.165415,WIN,3.500000000000725e-05,False,True,21,Thu,2026-08,,,9.083333333332888e-05
134,1787866740.0,2026-08-27 21:39,2026-08-27 21:40:00,PUT,30,S30A_MTF,NEUTRAL,1.16544,1.16542,WIN,2.0000000000131024e-05,False,True,21,Thu,2026-08,,,9.049999999999706e-05
135,1787866830.0,2026-08-27 21:40,2026-08-27 21:41:30,PUT,30,S30A_MTF,NEUTRAL,1.165425,1.16544,LOSS,-1.5000000000098268e-05,False,True,21,Thu,2026-08,,,9.066666666666113e-05
136,1787867040.0,2026-08-27 21:44,2026-08-27 21:45:00,PUT,30,S30A_MTF,NEUTRAL,1.16548,1.165345,WIN,0.00013499999999999623,False,True,21,Thu,2026-08,,,9.158333333333379e-05
137,1787867220.0,2026-08-27 21:47,2026-08-27 21:48:00,PUT,30,S30A_MTF,NEUTRAL,1.16534,1.165295,WIN,4.500000000007276e-05,False,True,21,Thu,2026-08,,,9.391666666667132e-05
138,1787867370.0,2026-08-27 21:49,2026-08-27 21:50:30,PUT,30,S30A_MTF,NEUTRAL,1.16534,1.16535,LOSS,-1.0000000000065512e-05,False,True,21,Thu,2026-08,,,9.450000000000476e-05
139,1787867520.0,2026-08-27 21:52,2026-08-27 21:53:00,PUT,30,S30A_MTF,NEUTRAL,1.16539,1.165385,WIN,5.000000000032756e-06,False,True,21,Thu,2026-08,,,9.400000000000519e-05
140,1787867580.0,2026-08-27 21:53,2026-08-27 21:54:00,PUT,30,S30A_MTF,NEUTRAL,1.165385,1.165365,WIN,1.999999999990898e-05,False,True,21,Thu,2026-08,,,9.433333333333701e-05
141,1787867880.0,2026-08-27 21:58,2026-08-27 21:59:00,PUT,30,S30A_MTF,NEUTRAL,1.16536,1.16536,DRAW,-0.0,False,True,21,Thu,2026-08,,,9.608333333333737e-05
142,1787867940.0,2026-08-27 21:59,2026-08-27 22:00:00,PUT,30,S30A_MTF,NEUTRAL,1.16536,1.1652,WIN,0.00015999999999993797,False,True,21,Thu,2026-08,,,9.616666666667125e-05
143,1787868210.0,2026-08-27 22:03,2026-08-27 22:04:30,CALL,30,S30A_MTF,NEUTRAL,1.1653,1.16525,LOSS,-5.0000000000105516e-05,False,True,22,Thu,2026-08,,,8.458333333333604e-05
144,1787868270.0,2026-08-27 22:04,2026-08-27 22:05:30,CALL,30,S30A_MTF,NEUTRAL,1.16525,1.165205,LOSS,-4.4999999999850715e-05,False,True,22,Thu,2026-08,,,8.233333333333611e-05
145,1787868510.0,2026-08-27 22:08,2026-08-27 22:09:30,CALL,30,S30A_MTF,NEUTRAL,1.16523,1.16529,WIN,5.999999999994898e-05,False,True,22,Thu,2026-08,,,7.466666666666363e-05
146,1787868810.0,2026-08-27 22:13,2026-08-27 22:14:30,CALL,30,S30A_MTF,NEUTRAL,1.165345,1.16537,WIN,2.4999999999941735e-05,False,True,22,Thu,2026-08,,,6.941666666666624e-05
147,1787869380.0,2026-08-27 22:23,2026-08-27 22:24:00,CALL,30,S30A_MTF,NEUTRAL,1.16528,1.16529,WIN,9.999999999843467e-06,False,True,22,Thu,2026-08,,,6.67499999999932e-05
148,1787869440.0,2026-08-27 22:24,2026-08-27 22:25:00,CALL,30,S30A_MTF,NEUTRAL,1.16529,1.165325,WIN,3.500000000000725e-05,False,True,22,Thu,2026-08,,,6.641666666665769e-05
149,1787869860.0,2026-08-27 22:31,2026-08-27 22:32:00,CALL,30,S30A_MTF,NEUTRAL,1.16522,1.165215,LOSS,-5.000000000032756e-06,False,True,22,Thu,2026-08,,,6.308333333332842e-05
150,1787870040.0,2026-08-27 22:34,2026-08-27 22:35:00,CALL,30,S30A_MTF,NEUTRAL,1.16528,1.16528,DRAW,0.0,False,True,22,Thu,2026-08,,,6.399999999999e-05
151,1787870190.0,2026-08-27 22:36,2026-08-27 22:37:30,CALL,30,S30A_MTF,NEUTRAL,1.16529,1.16529,DRAW,0.0,False,True,22,Thu,2026-08,,,6.39999999999863e-05
152,1787870250.0,2026-08-27 22:37,2026-08-27 22:38:30,CALL,30,S30A_MTF,NEUTRAL,1.16529,1.16529,DRAW,0.0,False,True,22,Thu,2026-08,,,6.408333333331646e-05
153,1787870610.0,2026-08-27 22:43,2026-08-27 22:44:30,CALL,30,S30A_MTF,NEUTRAL,1.165245,1.16526,WIN,1.4999999999876223e-05,False,True,22,Thu,2026-08,,,6.441666666664828e-05
154,1787870700.0,2026-08-27 22:45,2026-08-27 22:46:00,CALL,30,S30A_MTF,NEUTRAL,1.165245,1.16524,LOSS,-5.000000000032756e-06,False,True,22,Thu,2026-08,,,6.183333333331653e-05
155,1787870970.0,2026-08-27 22:49,2026-08-27 22:50:30,CALL,30,S30A_MTF,NEUTRAL,1.165265,1.16528,WIN,1.5000000000098268e-05,False,True,22,Thu,2026-08,,,6.141666666664714e-05
156,1787871120.0,2026-08-27 22:52,2026-08-27 22:53:00,CALL,30,S30A_MTF,NEUTRAL,1.165255,1.16529,WIN,3.500000000000725e-05,False,True,22,Thu,2026-08,,,6.183333333330913e-05
157,1787871240.0,2026-08-27 22:54,2026-08-27 22:55:00,CALL,30,S30A_MTF,NEUTRAL,1.16529,1.16529,DRAW,0.0,False,True,22,Thu,2026-08,,,6.108333333330792e-05
158,1788123870.0,2026-08-30 21:04,2026-08-30 21:05:30,CALL,30,S30A_MTF,NEUTRAL,1.158275,1.15813,LOSS,-0.0001449999999998397,False,True,21,Sun,2026-08,,,0.00010016666666667155
159,1788124020.0,2026-08-30 21:07,2026-08-30 21:08:00,CALL,30,S30A_MTF,NEUTRAL,1.15813,1.15813,DRAW,0.0,False,True,21,Sun,2026-08,,,0.00010025000000000543
160,1788124080.0,2026-08-30 21:08,2026-08-30 21:09:00,CALL,30,S30A_MTF,NEUTRAL,1.15813,1.158015,LOSS,-0.00011500000000008725,False,True,21,Sun,2026-08,,,0.00010008333333333767
161,1788124140.0,2026-08-30 21:09,2026-08-30 21:10:00,CALL,30,S30A_MTF,NEUTRAL,1.158015,1.158075,WIN,5.999999999994898e-05,False,True,21,Sun,2026-08,,,9.966666666667197e-05
162,1788124320.0,2026-08-30 21:12,2026-08-30 21:13:00,CALL,30,S30A_MTF,NEUTRAL,1.15799,1.15803,WIN,3.999999999981796e-05,False,True,21,Sun,2026-08,,,9.883333333333688e-05
163,1788124500.0,2026-08-30 21:15,2026-08-30 21:16:00,CALL,30,S30A_MTF,NEUTRAL,1.157915,1.158025,WIN,0.0001100000000000545,False,True,21,Sun,2026-08,,,9.650000000000676e-05
164,1788124710.0,2026-08-30 21:18,2026-08-30 21:19:30,CALL,30,S30A_MTF,NEUTRAL,1.158025,1.157995,LOSS,-2.999999999997449e-05,False,True,21,Sun,2026-08,,,9.625000000001253e-05
165,1788125520.0,2026-08-30 21:32,2026-08-30 21:33:00,CALL,30,S30A_MTF,NEUTRAL,1.15804,1.158035,LOSS,-5.000000000032756e-06,False,True,21,Sun,2026-08,,,8.816666666667435e-05
166,1788125700.0,2026-08-30 21:35,2026-08-30 21:36:00,CALL,30,S30A_MTF,NEUTRAL,1.158015,1.158045,WIN,2.999999999997449e-05,False,True,21,Sun,2026-08,,,8.708333333334132e-05
167,1788126720.0,2026-08-30 21:52,2026-08-30 21:53:00,PUT,30,S30A_MTF,NEUTRAL,1.158105,1.15811,LOSS,-5.000000000032756e-06,False,True,21,Sun,2026-08,,,7.458333333334084e-05
168,1788126780.0,2026-08-30 21:53,2026-08-30 21:54:00,PUT,30,S30A_MTF,NEUTRAL,1.15811,1.15808,WIN,2.999999999997449e-05,False,True,21,Sun,2026-08,,,7.433333333333921e-05
169,1788128190.0,2026-08-30 22:16,2026-08-30 22:17:30,PUT,30,S30A_MTF,NEUTRAL,1.158185,1.15818,WIN,5.000000000032756e-06,False,True,22,Sun,2026-08,,,6.833333333333321e-05
170,1788128370.0,2026-08-30 22:19,2026-08-30 22:20:30,PUT,30,S30A_MTF,NEUTRAL,1.158195,1.15818,WIN,1.5000000000098268e-05,False,True,22,Sun,2026-08,,,7.008333333332986e-05
171,1788128580.0,2026-08-30 22:23,2026-08-30 22:24:00,PUT,30,S30A_MTF,NEUTRAL,1.15819,1.15817,WIN,2.0000000000131024e-05,False,True,22,Sun,2026-08,,,6.883333333333279e-05
172,1788128880.0,2026-08-30 22:28,2026-08-30 22:29:00,PUT,30,S30A_MTF,NEUTRAL,1.15819,1.158205,LOSS,-1.4999999999876223e-05,False,True,22,Sun,2026-08,,,6.80000000000051e-05
173,1788128940.0,2026-08-30 22:29,2026-08-30 22:30:00,PUT,30,S30A_MTF,NEUTRAL,1.158205,1.158185,WIN,1.999999999990898e-05,False,True,22,Sun,2026-08,,,6.791666666667491e-05
174,1788129030.0,2026-08-30 22:30,2026-08-30 22:31:30,PUT,30,S30A_MTF,NEUTRAL,1.158215,1.15816,WIN,5.499999999991623e-05,False,True,22,Sun,2026-08,,,6.80000000000088e-05
175,1788129120.0,2026-08-30 22:32,2026-08-30 22:33:00,PUT,30,S30A_MTF,NEUTRAL,1.15821,1.15833,LOSS,-0.00012000000000012001,False,True,22,Sun,2026-08,,,6.9166666666672e-05
176,1788129420.0,2026-08-30 22:37,2026-08-30 22:38:00,PUT,30,S30A_MTF,NEUTRAL,1.158375,1.158295,WIN,7.999999999985796e-05,False,True,22,Sun,2026-08,,,7.066666666666332e-05
177,1788129570.0,2026-08-30 22:39,2026-08-30 22:40:30,PUT,30,S30A_MTF,NEUTRAL,1.15847,1.158475,LOSS,-4.999999999810711e-06,False,True,22,Sun,2026-08,,,7.466666666665993e-05
178,1788129750.0,2026-08-30 22:42,2026-08-30 22:43:30,PUT,30,S30A_MTF,NEUTRAL,1.15846,1.15834,WIN,0.00012000000000012001,False,True,22,Sun,2026-08,,,7.449999999999216e-05
179,1788129960.0,2026-08-30 22:46,2026-08-30 22:47:00,PUT,30,S30A_MTF,NEUTRAL,1.158415,1.158425,LOSS,-1.0000000000065512e-05,False,True,22,Sun,2026-08,,,7.674999999999211e-05
180,1788130110.0,2026-08-30 22:48,2026-08-30 22:49:30,PUT,30,S30A_MTF,NEUTRAL,1.158485,1.158445,WIN,4.0000000000040004e-05,False,True,22,Sun,2026-08,,,7.683333333332968e-05
181,1788130380.0,2026-08-30 22:53,2026-08-30 22:54:00,PUT,30,S30A_MTF,NEUTRAL,1.15839,1.158405,LOSS,-1.4999999999876223e-05,False,True,22,Sun,2026-08,,,7.816666666666435e-05
182,1788130440.0,2026-08-30 22:54,2026-08-30 22:55:00,PUT,30,S30A_MTF,NEUTRAL,1.158405,1.1584,WIN,4.999999999810711e-06,False,True,22,Sun,2026-08,,,7.774999999999865e-05
183,1788130590.0,2026-08-30 22:56,2026-08-30 22:57:30,PUT,30,S30A_MTF,NEUTRAL,1.15844,1.15843,WIN,9.999999999843467e-06,False,True,22,Sun,2026-08,,,7.566666666665907e-05
184,1788130680.0,2026-08-30 22:58,2026-08-30 22:59:00,PUT,30,S30A_MTF,NEUTRAL,1.15843,1.158475,LOSS,-4.4999999999850715e-05,False,True,22,Sun,2026-08,,,7.533333333332355e-05
185,1788130740.0,2026-08-30 22:59,2026-08-30 23:00:00,PUT,30,S30A_MTF,NEUTRAL,1.158475,1.15843,WIN,4.4999999999850715e-05,False,True,22,Sun,2026-08,,,7.574999999998925e-05
186,1788211530.0,2026-08-31 21:25,2026-08-31 21:26:30,PUT,30,S30A_MTF,NEUTRAL,1.1617,1.16171,LOSS,-1.0000000000065512e-05,False,True,21,Mon,2026-08,,,5.4833333333337286e-05
187,1788211620.0,2026-08-31 21:27,2026-08-31 21:28:00,PUT,30,S30A_MTF,NEUTRAL,1.161735,1.161715,WIN,1.999999999990898e-05,False,True,21,Mon,2026-08,,,5.5083333333335226e-05
188,1788211950.0,2026-08-31 21:32,2026-08-31 21:33:30,PUT,30,S30A_MTF,NEUTRAL,1.161785,1.16182,LOSS,-3.500000000000725e-05,False,True,21,Mon,2026-08,,,5.541666666666704e-05
189,1788212880.0,2026-08-31 21:48,2026-08-31 21:49:00,PUT,30,S30A_MTF,NEUTRAL,1.161815,1.161825,LOSS,-1.0000000000065512e-05,False,True,21,Mon,2026-08,,,5.016666666666965e-05
190,1788213000.0,2026-08-31 21:50,2026-08-31 21:51:00,PUT,30,S30A_MTF,NEUTRAL,1.16186,1.161825,WIN,3.49999999997852e-05,False,True,21,Mon,2026-08,,,5.058333333333165e-05
191,1788213150.0,2026-08-31 21:52,2026-08-31 21:53:30,PUT,30,S30A_MTF,NEUTRAL,1.16186,1.161845,WIN,1.4999999999876223e-05,False,True,21,Mon,2026-08,,,5.0499999999994065e-05
192,1788213270.0,2026-08-31 21:54,2026-08-31 21:55:30,PUT,30,S30A_MTF,NEUTRAL,1.16186,1.161825,WIN,3.49999999997852e-05,False,True,21,Mon,2026-08,,,5.041666666665649e-05
193,1788214200.0,2026-08-31 22:10,2026-08-31 22:11:00,PUT,30,S30A_MTF,NEUTRAL,1.16182,1.16179,WIN,2.999999999997449e-05,False,True,22,Mon,2026-08,,,5.024999999999613e-05
194,1788214320.0,2026-08-31 22:12,2026-08-31 22:13:00,PUT,30,S30A_MTF,NEUTRAL,1.16179,1.161755,WIN,3.500000000000725e-05,False,True,22,Mon,2026-08,,,4.966666666666638e-05
195,1788215010.0,2026-08-31 22:23,2026-08-31 22:24:30,CALL,30,S30A_MTF,NEUTRAL,1.16171,1.1617,LOSS,-1.0000000000065512e-05,False,True,22,Mon,2026-08,,,5.0166666666680756e-05
196,1788215670.0,2026-08-31 22:34,2026-08-31 22:35:30,CALL,30,S30A_MTF,NEUTRAL,1.161675,1.1617,WIN,2.4999999999941735e-05,False,True,22,Mon,2026-08,,,4.991666666667912e-05
197,1788215760.0,2026-08-31 22:36,2026-08-31 22:37:00,CALL,30,S30A_MTF,NEUTRAL,1.16166,1.161665,WIN,5.000000000032756e-06,False,True,22,Mon,2026-08,,,5.0083333333346874e-05
198,1788215820.0,2026-08-31 22:37,2026-08-31 22:38:00,CALL,30,S30A_MTF,NEUTRAL,1.161665,1.16161,LOSS,-5.499999999991623e-05,False,True,22,Mon,2026-08,,,5.0166666666677057e-05
199,1788215970.0,2026-08-31 22:39,2026-08-31 22:40:30,CALL,30,S30A_MTF,NEUTRAL,1.161625,1.161625,DRAW,0.0,False,True,22,Mon,2026-08,,,5.0333333333344814e-05
200,1788216060.0,2026-08-31 22:41,2026-08-31 22:42:00,CALL,30,S30A_MTF,NEUTRAL,1.161595,1.161575,LOSS,-1.999999999990898e-05,False,True,22,Mon,2026-08,,,5.025000000001463e-05
201,1788216150.0,2026-08-31 22:42,2026-08-31 22:43:30,CALL,30,S30A_MTF,NEUTRAL,1.161565,1.161525,LOSS,-4.0000000000040004e-05,False,True,22,Mon,2026-08,,,5.066666666668033e-05
202,1788216300.0,2026-08-31 22:45,2026-08-31 22:46:00,CALL,30,S30A_MTF,NEUTRAL,1.161495,1.161545,WIN,5.0000000000105516e-05,False,True,22,Mon,2026-08,,,5.075000000001421e-05
203,1788216390.0,2026-08-31 22:46,2026-08-31 22:47:30,CALL,30,S30A_MTF,NEUTRAL,1.161535,1.16151,LOSS,-2.4999999999941735e-05,False,True,22,Mon,2026-08,,,5.1083333333349724e-05
204,1788216450.0,2026-08-31 22:47,2026-08-31 22:48:30,CALL,30,S30A_MTF,NEUTRAL,1.16151,1.16152,WIN,1.0000000000065512e-05,False,True,22,Mon,2026-08,,,5.125000000001378e-05
205,1788216810.0,2026-08-31 22:53,2026-08-31 22:54:30,CALL,30,S30A_MTF,NEUTRAL,1.161455,1.16146,WIN,5.000000000032756e-06,False,True,22,Mon,2026-08,,,5.350000000002112e-05
206,1788297540.0,2026-09-01 21:19,2026-09-01 21:20:00,CALL,30,S30A_MTF,NEUTRAL,1.158975,1.158955,LOSS,-2.0000000000131024e-05,False,True,21,Tue,2026-09,,,7.500000000000284e-05
207,1788297600.0,2026-09-01 21:20,2026-09-01 21:21:00,CALL,30,S30A_MTF,NEUTRAL,1.158955,1.15901,WIN,5.500000000013827e-05,False,True,21,Tue,2026-09,,,7.475000000000121e-05
208,1788297810.0,2026-09-01 21:23,2026-09-01 21:24:30,CALL,30,S30A_MTF,NEUTRAL,1.15897,1.158985,WIN,1.4999999999876223e-05,False,True,21,Tue,2026-09,,,7.508333333334042e-05
209,1788298140.0,2026-09-01 21:29,2026-09-01 21:30:00,CALL,30,S30A_MTF,NEUTRAL,1.15898,1.158985,WIN,5.000000000032756e-06,False,True,21,Tue,2026-09,,,7.333333333334005e-05
210,1788298440.0,2026-09-01 21:34,2026-09-01 21:35:00,CALL,30,S30A_MTF,NEUTRAL,1.159015,1.15897,LOSS,-4.4999999999850715e-05,False,True,21,Tue,2026-09,,,8.208333333335298e-05
211,1788298500.0,2026-09-01 21:35,2026-09-01 21:36:00,CALL,30,S30A_MTF,NEUTRAL,1.15897,1.15904,WIN,7.00000000000145e-05,False,True,21,Tue,2026-09,,,8.308333333335212e-05
212,1788298800.0,2026-09-01 21:40,2026-09-01 21:41:00,CALL,30,S30A_MTF,NEUTRAL,1.159025,1.159075,WIN,5.0000000000105516e-05,False,True,21,Tue,2026-09,,,8.741666666668794e-05
213,1788298920.0,2026-09-01 21:42,2026-09-01 21:43:00,CALL,30,S30A_MTF,NEUTRAL,1.15902,1.159005,LOSS,-1.4999999999876223e-05,False,True,21,Tue,2026-09,,,8.783333333334993e-05
214,1788299730.0,2026-09-01 21:55,2026-09-01 21:56:30,PUT,30,S30A_MTF,NEUTRAL,1.15912,1.15921,LOSS,-9.000000000014552e-05,False,True,21,Tue,2026-09,,,8.283333333335049e-05
215,1788299910.0,2026-09-01 21:58,2026-09-01 21:59:30,PUT,30,S30A_MTF,NEUTRAL,1.15919,1.15919,DRAW,-0.0,False,True,21,Tue,2026-09,,,8.408333333335128e-05
216,1788300000.0,2026-09-01 22:00,2026-09-01 22:01:00,PUT,30,S30A_MTF,NEUTRAL,1.15921,1.15933,LOSS,-0.00011999999999989797,False,True,21,Tue,2026-09,,,8.291666666668807e-05
217,1788300360.0,2026-09-01 22:06,2026-09-01 22:07:00,PUT,30,S30A_MTF,NEUTRAL,1.159385,1.15938,WIN,5.000000000032756e-06,False,True,22,Tue,2026-09,,,7.458333333335566e-05
218,1788300690.0,2026-09-01 22:11,2026-09-01 22:12:30,PUT,30,S30A_MTF,NEUTRAL,1.15949,1.159535,LOSS,-4.500000000007276e-05,False,True,22,Tue,2026-09,,,7.300000000002305e-05
219,1788300810.0,2026-09-01 22:13,2026-09-01 22:14:30,PUT,30,S30A_MTF,NEUTRAL,1.159585,1.15958,WIN,5.000000000032756e-06,False,True,22,Tue,2026-09,,,7.458333333335566e-05
220,1788301080.0,2026-09-01 22:18,2026-09-01 22:19:00,PUT,30,S30A_MTF,NEUTRAL,1.15953,1.15954,LOSS,-1.0000000000065512e-05,False,True,22,Tue,2026-09,,,7.525000000001928e-05
221,1788301140.0,2026-09-01 22:19,2026-09-01 22:20:00,PUT,30,S30A_MTF,NEUTRAL,1.15954,1.159545,LOSS,-5.000000000032756e-06,False,True,22,Tue,2026-09,,,7.441666666668419e-05
222,1788301200.0,2026-09-01 22:20,2026-09-01 22:21:00,PUT,30,S30A_MTF,NEUTRAL,1.159545,1.159605,LOSS,-5.999999999994898e-05,False,True,22,Tue,2026-09,,,7.47500000000197e-05
223,1788301500.0,2026-09-01 22:25,2026-09-01 22:26:00,PUT,30,S30A_MTF,NEUTRAL,1.159535,1.15952,WIN,1.4999999999876223e-05,False,True,22,Tue,2026-09,,,7.55833333333474e-05
224,1788301710.0,2026-09-01 22:28,2026-09-01 22:29:30,PUT,30,S30A_MTF,NEUTRAL,1.159415,1.15938,WIN,3.500000000000725e-05,False,True,22,Tue,2026-09,,,7.691666666667837e-05
225,1788302040.0,2026-09-01 22:34,2026-09-01 22:35:00,PUT,30,S30A_MTF,NEUTRAL,1.15938,1.15936,WIN,2.0000000000131024e-05,False,True,22,Tue,2026-09,,,6.833333333333321e-05
226,1788302160.0,2026-09-01 22:36,2026-09-01 22:37:00,PUT,30,S30A_MTF,NEUTRAL,1.159385,1.159375,WIN,1.0000000000065512e-05,False,True,22,Tue,2026-09,,,6.466666666666472e-05
227,1788303090.0,2026-09-01 22:51,2026-09-01 22:52:30,CALL,30,S30A_MTF,NEUTRAL,1.159265,1.15932,WIN,5.499999999991623e-05,False,True,22,Tue,2026-09,,,5.891666666666776e-05
228,1788303240.0,2026-09-01 22:54,2026-09-01 22:55:00,CALL,30,S30A_MTF,NEUTRAL,1.15922,1.159265,WIN,4.500000000007276e-05,False,True,22,Tue,2026-09,,,5.7750000000000855e-05
229,1788303510.0,2026-09-01 22:58,2026-09-01 22:59:30,CALL,30,S30A_MTF,NEUTRAL,1.15928,1.15928,DRAW,0.0,False,True,22,Tue,2026-09,,,5.608333333333067e-05
230,1788383550.0,2026-09-02 21:12,2026-09-02 21:13:30,CALL,30,S30A_MTF,NEUTRAL,1.158775,1.158805,WIN,2.999999999997449e-05,False,True,21,Wed,2026-09,,,6.266666666664792e-05
231,1788383670.0,2026-09-02 21:14,2026-09-02 21:15:30,CALL,30,S30A_MTF,NEUTRAL,1.158765,1.15877,WIN,5.000000000032756e-06,False,True,21,Wed,2026-09,,,6.191666666665041e-05
232,1788384060.0,2026-09-02 21:21,2026-09-02 21:22:00,CALL,30,S30A_MTF,NEUTRAL,1.15881,1.158805,LOSS,-4.999999999810711e-06,False,True,21,Wed,2026-09,,,5.8416666666642285e-05
233,1788384180.0,2026-09-02 21:23,2026-09-02 21:24:00,CALL,30,S30A_MTF,NEUTRAL,1.158805,1.158835,WIN,2.999999999997449e-05,False,True,21,Wed,2026-09,,,5.799999999997289e-05
234,1788385170.0,2026-09-02 21:39,2026-09-02 21:40:30,PUT,30,S30A_MTF,NEUTRAL,1.158855,1.158835,WIN,1.999999999990898e-05,False,True,21,Wed,2026-09,,,5.374999999997465e-05
235,1788385230.0,2026-09-02 21:40,2026-09-02 21:41:30,PUT,30,S30A_MTF,NEUTRAL,1.158835,1.158835,DRAW,-0.0,False,True,21,Wed,2026-09,,,5.333333333331266e-05
236,1788385680.0,2026-09-02 21:48,2026-09-02 21:49:00,PUT,30,S30A_MTF,NEUTRAL,1.15886,1.158785,WIN,7.500000000004725e-05,False,True,21,Wed,2026-09,,,5.333333333332376e-05
237,1788386730.0,2026-09-02 22:05,2026-09-02 22:06:30,CALL,30,S30A_MTF,NEUTRAL,1.158655,1.15869,WIN,3.500000000000725e-05,False,True,22,Wed,2026-09,,,5.283333333332048e-05
238,1788387210.0,2026-09-02 22:13,2026-09-02 22:14:30,CALL,30,S30A_MTF,NEUTRAL,1.15868,1.15869,WIN,1.0000000000065512e-05,False,True,22,Wed,2026-09,,,5.433333333332291e-05
239,1788387390.0,2026-09-02 22:16,2026-09-02 22:17:30,CALL,30,S30A_MTF,NEUTRAL,1.15866,1.15866,DRAW,0.0,False,True,22,Wed,2026-09,,,5.3999999999994794e-05
240,1788387690.0,2026-09-02 22:21,2026-09-02 22:22:30,CALL,30,S30A_MTF,NEUTRAL,1.15861,1.15862,WIN,1.0000000000065512e-05,False,True,22,Wed,2026-09,,,5.450000000000177e-05
241,1788387810.0,2026-09-02 22:23,2026-09-02 22:24:30,CALL,30,S30A_MTF,NEUTRAL,1.15862,1.15866,WIN,4.0000000000040004e-05,False,True,22,Wed,2026-09,,,5.466666666666953e-05
242,1788387930.0,2026-09-02 22:25,2026-09-02 22:26:30,CALL,30,S30A_MTF,NEUTRAL,1.15866,1.15865,LOSS,-1.0000000000065512e-05,False,True,22,Wed,2026-09,,,5.4833333333333586e-05
243,1788388020.0,2026-09-02 22:27,2026-09-02 22:28:00,CALL,30,S30A_MTF,NEUTRAL,1.15864,1.158645,WIN,5.000000000032756e-06,False,True,22,Wed,2026-09,,,5.3999999999994794e-05
244,1788388440.0,2026-09-02 22:34,2026-09-02 22:35:00,CALL,30,S30A_MTF,NEUTRAL,1.15864,1.15866,WIN,2.0000000000131024e-05,False,True,22,Wed,2026-09,,,5.4749999999999705e-05
245,1788388560.0,2026-09-02 22:36,2026-09-02 22:37:00,CALL,30,S30A_MTF,NEUTRAL,1.15867,1.158755,WIN,8.499999999989072e-05,False,True,22,Wed,2026-09,,,5.541666666667074e-05
246,1788389580.0,2026-09-02 22:53,2026-09-02 22:54:00,PUT,30,S30A_MTF,NEUTRAL,1.15881,1.15875,WIN,5.999999999994898e-05,False,True,22,Wed,2026-09,,,5.775000000001566e-05
247,1788389910.0,2026-09-02 22:58,2026-09-02 22:59:30,PUT,30,S30A_MTF,NEUTRAL,1.158695,1.15871,LOSS,-1.4999999999876223e-05,False,True,22,Wed,2026-09,,,5.8000000000021e-05
248,1788469980.0,2026-09-03 21:13,2026-09-03 21:14:00,PUT,30,S30A_MTF,NEUTRAL,1.162885,1.163025,LOSS,-0.000140000000000029,False,True,21,Thu,2026-09,,,8.175000000002116e-05
249,1788470250.0,2026-09-03 21:17,2026-09-03 21:18:30,PUT,30,S30A_MTF,NEUTRAL,1.16281,1.162755,WIN,5.499999999991623e-05,False,True,21,Thu,2026-09,,,8.266666666668643e-05
250,1788470460.0,2026-09-03 21:21,2026-09-03 21:22:00,PUT,30,S30A_MTF,NEUTRAL,1.16278,1.16281,LOSS,-2.999999999997449e-05,False,True,21,Thu,2026-09,,,8.250000000001867e-05
251,1788470640.0,2026-09-03 21:24,2026-09-03 21:25:00,PUT,30,S30A_MTF,NEUTRAL,1.162765,1.162765,DRAW,-0.0,False,True,21,Thu,2026-09,,,8.341666666667284e-05
252,1788470700.0,2026-09-03 21:25,2026-09-03 21:26:00,PUT,30,S30A_MTF,NEUTRAL,1.162765,1.162775,LOSS,-9.999999999843467e-06,False,True,21,Thu,2026-09,,,8.275000000000551e-05
253,1788471570.0,2026-09-03 21:39,2026-09-03 21:40:30,CALL,30,S30A_MTF,NEUTRAL,1.162525,1.162545,WIN,1.999999999990898e-05,False,True,21,Thu,2026-09,,,8.433333333334181e-05
254,1788471780.0,2026-09-03 21:43,2026-09-03 21:44:00,CALL,30,S30A_MTF,NEUTRAL,1.16255,1.16256,WIN,1.0000000000065512e-05,False,True,21,Thu,2026-09,,,8.291666666667696e-05
255,1788471870.0,2026-09-03 21:44,2026-09-03 21:45:30,CALL,30,S30A_MTF,NEUTRAL,1.162525,1.16252,LOSS,-5.000000000032756e-06,False,True,21,Thu,2026-09,,,8.333333333334265e-05
256,1788471990.0,2026-09-03 21:46,2026-09-03 21:47:30,CALL,30,S30A_MTF,NEUTRAL,1.16249,1.16259,WIN,9.999999999998899e-05,False,True,21,Thu,2026-09,,,8.275000000000921e-05
257,1788472380.0,2026-09-03 21:53,2026-09-03 21:54:00,CALL,30,S30A_MTF,NEUTRAL,1.162515,1.16257,WIN,5.500000000013827e-05,False,True,21,Thu,2026-09,,,8.625000000000253e-05
258,1788472530.0,2026-09-03 21:55,2026-09-03 21:56:30,CALL,30,S30A_MTF,NEUTRAL,1.16256,1.162555,LOSS,-5.000000000032756e-06,False,True,21,Thu,2026-09,,,8.775000000000495e-05
259,1788472590.0,2026-09-03 21:56,2026-09-03 21:57:30,CALL,30,S30A_MTF,NEUTRAL,1.162555,1.162755,WIN,0.00019999999999997797,False,True,21,Thu,2026-09,,,8.816666666667065e-05
260,1788473040.0,2026-09-03 22:04,2026-09-03 22:05:00,CALL,30,S30A_MTF,NEUTRAL,1.16252,1.162575,WIN,5.499999999991623e-05,False,True,22,Thu,2026-09,,,8.924999999999627e-05
261,1788473130.0,2026-09-03 22:05,2026-09-03 22:06:30,CALL,30,S30A_MTF,NEUTRAL,1.162525,1.162515,LOSS,-1.0000000000065512e-05,False,True,22,Thu,2026-09,,,8.933333333333016e-05
262,1788473220.0,2026-09-03 22:07,2026-09-03 22:08:00,CALL,30,S30A_MTF,NEUTRAL,1.1625,1.16252,WIN,1.999999999990898e-05,False,True,22,Thu,2026-09,,,8.649999999999676e-05
263,1788473310.0,2026-09-03 22:08,2026-09-03 22:09:30,CALL,30,S30A_MTF,NEUTRAL,1.1625,1.162515,WIN,1.4999999999876223e-05,False,True,22,Thu,2026-09,,,8.583333333332943e-05
264,1788473670.0,2026-09-03 22:14,2026-09-03 22:15:30,PUT,30,S30A_MTF,NEUTRAL,1.162655,1.162655,DRAW,-0.0,False,True,22,Thu,2026-09,,,8.033333333333041e-05
265,1788473820.0,2026-09-03 22:17,2026-09-03 22:18:00,PUT,30,S30A_MTF,NEUTRAL,1.162665,1.16266,WIN,5.000000000032756e-06,False,True,22,Thu,2026-09,,,7.724999999999537e-05
266,1788473910.0,2026-09-03 22:18,2026-09-03 22:19:30,PUT,30,S30A_MTF,NEUTRAL,1.162665,1.16266,WIN,5.000000000032756e-06,False,True,22,Thu,2026-09,,,7.674999999999581e-05
267,1788473970.0,2026-09-03 22:19,2026-09-03 22:20:30,PUT,30,S30A_MTF,NEUTRAL,1.16266,1.162555,WIN,0.00010500000000002174,False,True,22,Thu,2026-09,,,7.658333333333174e-05
268,1788474060.0,2026-09-03 22:21,2026-09-03 22:22:00,PUT,30,S30A_MTF,NEUTRAL,1.16261,1.162595,WIN,1.4999999999876223e-05,False,True,22,Thu,2026-09,,,7.566666666666647e-05
269,1788474450.0,2026-09-03 22:27,2026-09-03 22:28:30,PUT,30,S30A_MTF,NEUTRAL,1.16262,1.162605,WIN,1.4999999999876223e-05,False,True,22,Thu,2026-09,,,6.225000000000813e-05
270,1788474600.0,2026-09-03 22:30,2026-09-03 22:31:00,PUT,30,S30A_MTF,NEUTRAL,1.162605,1.1626,WIN,5.000000000032756e-06,False,True,22,Thu,2026-09,,,6.20000000000102e-05
271,1788475530.0,2026-09-03 22:45,2026-09-03 22:46:30,CALL,30,S30A_MTF,NEUTRAL,1.16253,1.16253,DRAW,0.0,False,True,22,Thu,2026-09,,,6.416666666665775e-05
272,1788475830.0,2026-09-03 22:50,2026-09-03 22:51:30,CALL,30,S30A_MTF,NEUTRAL,1.162435,1.162435,DRAW,0.0,False,True,22,Thu,2026-09,,,6.349999999999412e-05
273,1788475950.0,2026-09-03 22:52,2026-09-03 22:53:30,CALL,30,S30A_MTF,NEUTRAL,1.16239,1.16239,DRAW,0.0,False,True,22,Thu,2026-09,,,6.208333333332928e-05
274,1788476160.0,2026-09-03 22:56,2026-09-03 22:57:00,CALL,30,S30A_MTF,NEUTRAL,1.162315,1.162355,WIN,4.0000000000040004e-05,False,True,22,Thu,2026-09,,,6.083333333332848e-05
275,1788476250.0,2026-09-03 22:57,2026-09-03 22:58:30,CALL,30,S30A_MTF,NEUTRAL,1.162305,1.162335,WIN,2.999999999997449e-05,False,True,22,Thu,2026-09,,,6.0999999999992545e-05
276,1788476370.0,2026-09-03 22:59,2026-09-03 23:00:30,CALL,30,S30A_MTF,NEUTRAL,1.16229,1.162345,WIN,5.499999999991623e-05,False,True,22,Thu,2026-09,,,5.7999999999991394e-05
277,1788728580.0,2026-09-06 21:03,2026-09-06 21:04:00,PUT,30,S30A_MTF,NEUTRAL,1.16134,1.16133,WIN,1.0000000000065512e-05,False,True,21,Sun,2026-09,,,6.299999999996864e-05
278,1788728940.0,2026-09-06 21:09,2026-09-06 21:10:00,PUT,30,S30A_MTF,NEUTRAL,1.161385,1.161355,WIN,2.999999999997449e-05,False,True,21,Sun,2026-09,,,6.31666666666438e-05
279,1788730560.0,2026-09-06 21:36,2026-09-06 21:37:00,CALL,30,S30A_MTF,NEUTRAL,1.160905,1.160935,WIN,2.999999999997449e-05,False,True,21,Sun,2026-09,,,6.71666666666626e-05
280,1788730740.0,2026-09-06 21:39,2026-09-06 21:40:00,CALL,30,S30A_MTF,NEUTRAL,1.16096,1.16098,WIN,1.999999999990898e-05,False,True,21,Sun,2026-09,,,6.725000000000018e-05
281,1788730920.0,2026-09-06 21:42,2026-09-06 21:43:00,CALL,30,S30A_MTF,NEUTRAL,1.160935,1.16098,WIN,4.4999999999850715e-05,False,True,21,Sun,2026-09,,,6.766666666666218e-05
282,1788730980.0,2026-09-06 21:43,2026-09-06 21:44:00,CALL,30,S30A_MTF,NEUTRAL,1.16098,1.161015,WIN,3.500000000000725e-05,False,True,21,Sun,2026-09,,,6.7999999999994e-05
283,1788731280.0,2026-09-06 21:48,2026-09-06 21:49:00,CALL,30,S30A_MTF,NEUTRAL,1.160925,1.16104,WIN,0.00011500000000008725,False,True,21,Sun,2026-09,,,7.166666666666988e-05
284,1788731370.0,2026-09-06 21:49,2026-09-06 21:50:30,CALL,30,S30A_MTF,NEUTRAL,1.16103,1.16104,WIN,1.0000000000065512e-05,False,True,21,Sun,2026-09,,,7.31666666666686e-05
285,1788731460.0,2026-09-06 21:51,2026-09-06 21:52:00,CALL,30,S30A_MTF,NEUTRAL,1.161025,1.16103,WIN,5.000000000032756e-06,False,True,21,Sun,2026-09,,,7.308333333333842e-05
286,1788731520.0,2026-09-06 21:52,2026-09-06 21:53:00,CALL,30,S30A_MTF,NEUTRAL,1.16103,1.161055,WIN,2.4999999999941735e-05,False,True,21,Sun,2026-09,,,7.258333333333884e-05
287,1788731610.0,2026-09-06 21:53,2026-09-06 21:54:30,CALL,30,S30A_MTF,NEUTRAL,1.161035,1.161035,DRAW,0.0,False,True,21,Sun,2026-09,,,7.183333333333763e-05
288,1788731760.0,2026-09-06 21:56,2026-09-06 21:57:00,CALL,30,S30A_MTF,NEUTRAL,1.161025,1.16083,LOSS,-0.00019499999999994522,False,True,21,Sun,2026-09,,,7.183333333333393e-05
289,1788732900.0,2026-09-06 22:15,2026-09-06 22:16:00,PUT,30,S30A_MTF,NEUTRAL,1.161275,1.16125,WIN,2.500000000016378e-05,False,True,22,Sun,2026-09,,,8.091666666667126e-05
290,1788733170.0,2026-09-06 22:19,2026-09-06 22:20:30,PUT,30,S30A_MTF,NEUTRAL,1.161275,1.161245,WIN,2.999999999997449e-05,False,True,22,Sun,2026-09,,,8.133333333334065e-05
291,1788733290.0,2026-09-06 22:21,2026-09-06 22:22:30,PUT,30,S30A_MTF,NEUTRAL,1.16131,1.16131,DRAW,-0.0,False,True,22,Sun,2026-09,,,7.850000000000726e-05
292,1788733410.0,2026-09-06 22:23,2026-09-06 22:24:30,PUT,30,S30A_MTF,NEUTRAL,1.1613,1.161305,LOSS,-5.000000000032756e-06,False,True,22,Sun,2026-09,,,7.883333333333539e-05
293,1788733470.0,2026-09-06 22:24,2026-09-06 22:25:30,PUT,30,S30A_MTF,NEUTRAL,1.161305,1.1613,WIN,5.000000000032756e-06,False,True,22,Sun,2026-09,,,7.900000000000314e-05
294,1788733890.0,2026-09-06 22:31,2026-09-06 22:32:30,PUT,30,S30A_MTF,NEUTRAL,1.16128,1.16127,WIN,1.0000000000065512e-05,False,True,22,Sun,2026-09,,,7.991666666667211e-05
295,1788734100.0,2026-09-06 22:35,2026-09-06 22:36:00,PUT,30,S30A_MTF,NEUTRAL,1.161295,1.16126,WIN,3.500000000000725e-05,False,True,22,Sun,2026-09,,,7.291666666667066e-05
296,1788734220.0,2026-09-06 22:37,2026-09-06 22:38:00,PUT,30,S30A_MTF,NEUTRAL,1.16127,1.16126,WIN,1.0000000000065512e-05,False,True,22,Sun,2026-09,,,7.325000000000619e-05
297,1788734280.0,2026-09-06 22:38,2026-09-06 22:39:00,PUT,30,S30A_MTF,NEUTRAL,1.16126,1.16124,WIN,1.999999999990898e-05,False,True,22,Sun,2026-09,,,7.333333333334005e-05
298,1788734400.0,2026-09-06 22:40,2026-09-06 22:41:00,PUT,30,S30A_MTF,NEUTRAL,1.16127,1.1613,LOSS,-2.999999999997449e-05,False,True,22,Sun,2026-09,,,7.283333333334419e-05
299,1788734460.0,2026-09-06 22:41,2026-09-06 22:42:00,PUT,30,S30A_MTF,NEUTRAL,1.1613,1.161245,WIN,5.499999999991623e-05,False,True,22,Sun,2026-09,,,7.308333333334582e-05
300,1788734550.0,2026-09-06 22:42,2026-09-06 22:43:30,PUT,30,S30A_MTF,NEUTRAL,1.16125,1.16128,LOSS,-3.0000000000196536e-05,False,True,22,Sun,2026-09,,,7.325000000001358e-05
301,1788734610.0,2026-09-06 22:43,2026-09-06 22:44:30,PUT,30,S30A_MTF,NEUTRAL,1.16128,1.16126,WIN,2.0000000000131024e-05,False,True,22,Sun,2026-09,,,7.2750000000014e-05
302,1788734760.0,2026-09-06 22:46,2026-09-06 22:47:00,PUT,30,S30A_MTF,NEUTRAL,1.16129,1.161305,LOSS,-1.5000000000098268e-05,False,True,22,Sun,2026-09,,,7.033333333333891e-05
303,1788734910.0,2026-09-06 22:48,2026-09-06 22:49:30,PUT,30,S30A_MTF,NEUTRAL,1.161335,1.161355,LOSS,-1.999999999990898e-05,False,True,22,Sun,2026-09,,,6.775000000000716e-05
304,1788735000.0,2026-09-06 22:50,2026-09-06 22:51:00,PUT,30,S30A_MTF,NEUTRAL,1.16137,1.16135,WIN,1.999999999990898e-05,False,True,22,Sun,2026-09,,,6.566666666667868e-05
305,1788735180.0,2026-09-06 22:53,2026-09-06 22:54:00,PUT,30,S30A_MTF,NEUTRAL,1.16134,1.16134,DRAW,-0.0,False,True,22,Sun,2026-09,,,6.575000000000886e-05
306,1788735240.0,2026-09-06 22:54,2026-09-06 22:55:00,PUT,30,S30A_MTF,NEUTRAL,1.16134,1.16131,WIN,2.999999999997449e-05,False,True,22,Sun,2026-09,,,6.466666666667582e-05
307,1788735510.0,2026-09-06 22:58,2026-09-06 22:59:30,PUT,30,S30A_MTF,NEUTRAL,1.161305,1.16131,LOSS,-5.000000000032756e-06,False,True,22,Sun,2026-09,,,5.925000000001068e-05
308,1788814890.0,2026-09-07 21:01,2026-09-07 21:02:30,PUT,30,S30A_MTF,NEUTRAL,1.16236,1.16229,WIN,7.00000000000145e-05,False,True,21,Mon,2026-09,,,5.3333333333345964e-05
309,1788815220.0,2026-09-07 21:07,2026-09-07 21:08:00,PUT,30,S30A_MTF,NEUTRAL,1.162275,1.16221,WIN,6.499999999998174e-05,False,True,21,Mon,2026-09,,,5.75833333333368e-05
310,1788815940.0,2026-09-07 21:19,2026-09-07 21:20:00,PUT,30,S30A_MTF,NEUTRAL,1.162295,1.162275,WIN,2.0000000000131024e-05,False,True,21,Mon,2026-09,,,6.083333333334329e-05
311,1788816060.0,2026-09-07 21:21,2026-09-07 21:22:00,PUT,30,S30A_MTF,NEUTRAL,1.162295,1.16227,WIN,2.500000000016378e-05,False,True,21,Mon,2026-09,,,6.075000000001681e-05
312,1788816630.0,2026-09-07 21:30,2026-09-07 21:31:30,PUT,30,S30A_MTF,NEUTRAL,1.16232,1.16234,LOSS,-1.999999999990898e-05,False,True,21,Mon,2026-09,,,6.133333333333917e-05
313,1788816690.0,2026-09-07 21:31,2026-09-07 21:32:30,PUT,30,S30A_MTF,NEUTRAL,1.16234,1.162335,WIN,5.000000000032756e-06,False,True,21,Mon,2026-09,,,6.133333333333917e-05
314,1788816840.0,2026-09-07 21:34,2026-09-07 21:35:00,PUT,30,S30A_MTF,NEUTRAL,1.16235,1.162335,WIN,1.5000000000098268e-05,False,True,21,Mon,2026-09,,,6.108333333333752e-05
315,1788817200.0,2026-09-07 21:40,2026-09-07 21:41:00,PUT,30,S30A_MTF,NEUTRAL,1.162355,1.16233,WIN,2.4999999999941735e-05,False,True,21,Mon,2026-09,,,6.050000000000777e-05
316,1788817320.0,2026-09-07 21:42,2026-09-07 21:43:00,PUT,30,S30A_MTF,NEUTRAL,1.16235,1.16233,WIN,1.999999999990898e-05,False,True,21,Mon,2026-09,,,6.0750000000002005e-05
317,1788817770.0,2026-09-07 21:49,2026-09-07 21:50:30,PUT,30,S30A_MTF,NEUTRAL,1.16232,1.16231,WIN,1.0000000000065512e-05,False,True,21,Mon,2026-09,,,6.091666666666606e-05
318,1788817860.0,2026-09-07 21:51,2026-09-07 21:52:00,PUT,30,S30A_MTF,NEUTRAL,1.16232,1.162305,WIN,1.5000000000098268e-05,False,True,21,Mon,2026-09,,,6.0249999999998734e-05
319,1788818040.0,2026-09-07 21:54,2026-09-07 21:55:00,PUT,30,S30A_MTF,NEUTRAL,1.162345,1.162315,WIN,2.999999999997449e-05,False,True,21,Mon,2026-09,,,5.95833333333314e-05
320,1788818400.0,2026-09-07 22:00,2026-09-07 22:01:00,PUT,30,S30A_MTF,NEUTRAL,1.16236,1.162445,LOSS,-8.499999999989072e-05,False,True,21,Mon,2026-09,,,5.824999999999303e-05
321,1788818550.0,2026-09-07 22:02,2026-09-07 22:03:30,PUT,30,S30A_MTF,NEUTRAL,1.16245,1.162445,WIN,5.000000000032756e-06,False,True,22,Mon,2026-09,,,4.991666666666061e-05
322,1788818880.0,2026-09-07 22:08,2026-09-07 22:09:00,PUT,30,S30A_MTF,NEUTRAL,1.16245,1.16245,DRAW,-0.0,False,True,22,Mon,2026-09,,,4.4583333333329346e-05
323,1788819300.0,2026-09-07 22:15,2026-09-07 22:16:00,PUT,30,S30A_MTF,NEUTRAL,1.16244,1.16244,DRAW,-0.0,False,True,22,Mon,2026-09,,,4.5583333333328496e-05
324,1788819390.0,2026-09-07 22:16,2026-09-07 22:17:30,PUT,30,S30A_MTF,NEUTRAL,1.16247,1.162485,LOSS,-1.5000000000098268e-05,False,True,22,Mon,2026-09,,,4.591666666665661e-05
325,1788819810.0,2026-09-07 22:23,2026-09-07 22:24:30,PUT,30,S30A_MTF,NEUTRAL,1.16246,1.162505,LOSS,-4.4999999999850715e-05,False,True,22,Mon,2026-09,,,4.683333333331448e-05
326,1788819900.0,2026-09-07 22:25,2026-09-07 22:26:00,PUT,30,S30A_MTF,NEUTRAL,1.162515,1.162525,LOSS,-1.0000000000065512e-05,False,True,22,Mon,2026-09,,,4.708333333331612e-05
327,1788820020.0,2026-09-07 22:27,2026-09-07 22:28:00,PUT,30,S30A_MTF,NEUTRAL,1.1626,1.162575,WIN,2.500000000016378e-05,False,True,22,Mon,2026-09,,,4.749999999999292e-05
328,1788820410.0,2026-09-07 22:33,2026-09-07 22:34:30,PUT,30,S30A_MTF,NEUTRAL,1.16254,1.16253,WIN,9.999999999843467e-06,False,True,22,Mon,2026-09,,,4.858333333332965e-05
329,1788820530.0,2026-09-07 22:35,2026-09-07 22:36:30,PUT,30,S30A_MTF,NEUTRAL,1.162565,1.162565,DRAW,-0.0,False,True,22,Mon,2026-09,,,4.8833333333331286e-05
330,1788820860.0,2026-09-07 22:41,2026-09-07 22:42:00,PUT,30,S30A_MTF,NEUTRAL,1.16253,1.16249,WIN,4.0000000000040004e-05,False,True,22,Mon,2026-09,,,5.033333333332631e-05
331,1788820980.0,2026-09-07 22:43,2026-09-07 22:44:00,PUT,30,S30A_MTF,NEUTRAL,1.16253,1.162515,WIN,1.5000000000098268e-05,False,True,22,Mon,2026-09,,,5.091666666665976e-05
332,1788821100.0,2026-09-07 22:45,2026-09-07 22:46:00,PUT,30,S30A_MTF,NEUTRAL,1.16252,1.16245,WIN,7.00000000000145e-05,False,True,22,Mon,2026-09,,,5.108333333332382e-05
333,1788821460.0,2026-09-07 22:51,2026-09-07 22:52:00,PUT,30,S30A_MTF,NEUTRAL,1.16253,1.162615,LOSS,-8.499999999989072e-05,False,True,22,Mon,2026-09,,,5.1999999999996493e-05
334,1788821940.0,2026-09-07 22:59,2026-09-07 23:00:00,PUT,30,S30A_MTF,NEUTRAL,1.16255,1.16257,LOSS,-2.0000000000131024e-05,False,True,22,Mon,2026-09,,,5.425000000000383e-05
335,1788901680.0,2026-09-08 21:08,2026-09-08 21:09:00,PUT,30,S30A_MTF,NEUTRAL,1.16244,1.16244,DRAW,-0.0,False,True,21,Tue,2026-09,,,7.875000000000521e-05
336,1788901830.0,2026-09-08 21:10,2026-09-08 21:11:30,PUT,30,S30A_MTF,NEUTRAL,1.16253,1.162515,WIN,1.5000000000098268e-05,False,True,21,Tue,2026-09,,,8.050000000000926e-05
337,1788902100.0,2026-09-08 21:15,2026-09-08 21:16:00,PUT,30,S30A_MTF,NEUTRAL,1.16253,1.16259,LOSS,-5.999999999994898e-05,False,True,21,Tue,2026-09,,,8.058333333334314e-05
338,1788902310.0,2026-09-08 21:18,2026-09-08 21:19:30,PUT,30,S30A_MTF,NEUTRAL,1.16249,1.162485,WIN,5.000000000032756e-06,False,True,21,Tue,2026-09,,,8.31666666666749e-05
339,1788902430.0,2026-09-08 21:20,2026-09-08 21:21:30,PUT,30,S30A_MTF,NEUTRAL,1.162505,1.162485,WIN,1.999999999990898e-05,False,True,21,Tue,2026-09,,,8.308333333333732e-05
340,1788902610.0,2026-09-08 21:23,2026-09-08 21:24:30,PUT,30,S30A_MTF,NEUTRAL,1.16251,1.162515,LOSS,-5.000000000032756e-06,False,True,21,Tue,2026-09,,,8.375000000000465e-05
341,1788902700.0,2026-09-08 21:25,2026-09-08 21:26:00,PUT,30,S30A_MTF,NEUTRAL,1.16252,1.16248,WIN,4.0000000000040004e-05,False,True,21,Tue,2026-09,,,8.366666666667077e-05
342,1788902880.0,2026-09-08 21:28,2026-09-08 21:29:00,PUT,30,S30A_MTF,NEUTRAL,1.16251,1.162515,LOSS,-5.000000000032756e-06,False,True,21,Tue,2026-09,,,8.350000000000302e-05
343,1788902940.0,2026-09-08 21:29,2026-09-08 21:30:00,PUT,30,S30A_MTF,NEUTRAL,1.162515,1.162505,WIN,1.0000000000065512e-05,False,True,21,Tue,2026-09,,,8.258333333333404e-05
344,1788903000.0,2026-09-08 21:30,2026-09-08 21:31:00,PUT,30,S30A_MTF,NEUTRAL,1.162505,1.1625,WIN,4.999999999810711e-06,False,True,21,Tue,2026-09,,,7.983333333333453e-05
345,1788903120.0,2026-09-08 21:32,2026-09-08 21:33:00,PUT,30,S30A_MTF,NEUTRAL,1.16254,1.1625,WIN,3.999999999981796e-05,False,True,21,Tue,2026-09,,,7.774999999999865e-05
346,1788903180.0,2026-09-08 21:33,2026-09-08 21:34:00,PUT,30,S30A_MTF,NEUTRAL,1.1625,1.162455,WIN,4.500000000007276e-05,False,True,21,Tue,2026-09,,,7.583333333333053e-05
347,1788903480.0,2026-09-08 21:38,2026-09-08 21:39:00,PUT,30,S30A_MTF,NEUTRAL,1.16255,1.16252,WIN,2.999999999997449e-05,False,True,21,Tue,2026-09,,,7.899999999999574e-05
348,1788903840.0,2026-09-08 21:44,2026-09-08 21:45:00,PUT,30,S30A_MTF,NEUTRAL,1.162515,1.16246,WIN,5.499999999991623e-05,False,True,21,Tue,2026-09,,,7.891666666666186e-05
349,1788904470.0,2026-09-08 21:54,2026-09-08 21:55:30,PUT,30,S30A_MTF,NEUTRAL,1.16269,1.162655,WIN,3.500000000000725e-05,False,True,21,Tue,2026-09,,,8.6749999999991e-05
350,1788904980.0,2026-09-08 22:03,2026-09-08 22:04:00,PUT,30,S30A_MTF,NEUTRAL,1.16259,1.162535,WIN,5.499999999991623e-05,False,True,22,Tue,2026-09,,,8.141666666665974e-05
351,1788905100.0,2026-09-08 22:05,2026-09-08 22:06:00,PUT,30,S30A_MTF,NEUTRAL,1.1626,1.16257,WIN,2.999999999997449e-05,False,True,22,Tue,2026-09,,,7.766666666665367e-05
352,1788905250.0,2026-09-08 22:07,2026-09-08 22:08:30,PUT,30,S30A_MTF,NEUTRAL,1.16263,1.162595,WIN,3.500000000000725e-05,False,True,22,Tue,2026-09,,,7.47499999999827e-05
353,1788905460.0,2026-09-08 22:11,2026-09-08 22:12:00,PUT,30,S30A_MTF,NEUTRAL,1.162645,1.162625,WIN,1.999999999990898e-05,False,True,22,Tue,2026-09,,,7.199999999997578e-05
354,1788905580.0,2026-09-08 22:13,2026-09-08 22:14:00,PUT,30,S30A_MTF,NEUTRAL,1.16265,1.162645,WIN,5.000000000032756e-06,False,True,22,Tue,2026-09,,,7.083333333330888e-05
355,1788905820.0,2026-09-08 22:17,2026-09-08 22:18:00,PUT,30,S30A_MTF,NEUTRAL,1.16269,1.16268,WIN,1.0000000000065512e-05,False,True,22,Tue,2026-09,,,6.766666666663997e-05
356,1788906120.0,2026-09-08 22:22,2026-09-08 22:23:00,PUT,30,S30A_MTF,NEUTRAL,1.16268,1.16264,WIN,4.0000000000040004e-05,False,True,22,Tue,2026-09,,,6.67499999999747e-05
357,1788906300.0,2026-09-08 22:25,2026-09-08 22:26:00,PUT,30,S30A_MTF,NEUTRAL,1.1627,1.16268,WIN,2.0000000000131024e-05,False,True,22,Tue,2026-09,,,6.783333333330773e-05
358,1788906420.0,2026-09-08 22:27,2026-09-08 22:28:00,PUT,30,S30A_MTF,NEUTRAL,1.16269,1.16271,LOSS,-1.999999999990898e-05,False,True,22,Tue,2026-09,,,6.724999999997797e-05
359,1788906480.0,2026-09-08 22:28,2026-09-08 22:29:00,PUT,30,S30A_MTF,NEUTRAL,1.16271,1.16268,WIN,2.999999999997449e-05,False,True,22,Tue,2026-09,,,6.749999999997592e-05
360,1788906600.0,2026-09-08 22:30,2026-09-08 22:31:00,PUT,30,S30A_MTF,NEUTRAL,1.162725,1.16272,WIN,5.000000000032756e-06,False,True,22,Tue,2026-09,,,6.799999999997918e-05
361,1788906720.0,2026-09-08 22:32,2026-09-08 22:33:00,PUT,30,S30A_MTF,NEUTRAL,1.16272,1.16268,WIN,4.0000000000040004e-05,False,True,22,Tue,2026-09,,,6.866666666664653e-05
362,1788907740.0,2026-09-08 22:49,2026-09-08 22:50:00,CALL,30,S30A_MTF,NEUTRAL,1.16256,1.16259,WIN,2.999999999997449e-05,False,True,22,Tue,2026-09,,,6.124999999998678e-05
363,1788907860.0,2026-09-08 22:51,2026-09-08 22:52:00,CALL,30,S30A_MTF,NEUTRAL,1.162605,1.162615,WIN,9.999999999843467e-06,False,True,22,Tue,2026-09,,,5.8666666666651324e-05
364,1788907980.0,2026-09-08 22:53,2026-09-08 22:54:00,CALL,30,S30A_MTF,NEUTRAL,1.16255,1.162535,LOSS,-1.4999999999876223e-05,False,True,22,Tue,2026-09,,,5.783333333331993e-05
365,1788908220.0,2026-09-08 22:57,2026-09-08 22:58:00,CALL,30,S30A_MTF,NEUTRAL,1.16251,1.162555,WIN,4.500000000007276e-05,False,True,22,Tue,2026-09,,,5.5999999999989394e-05
366,1788987960.0,2026-09-09 21:06,2026-09-09 21:07:00,PUT,30,S30A_MTF,NEUTRAL,1.163315,1.163405,LOSS,-8.999999999992347e-05,False,True,21,Wed,2026-09,,,9.516666666666839e-05
367,1788988590.0,2026-09-09 21:16,2026-09-09 21:17:30,PUT,30,S30A_MTF,NEUTRAL,1.16361,1.16363,LOSS,-1.999999999990898e-05,False,True,21,Wed,2026-09,,,0.00010550000000001022
368,1788988680.0,2026-09-09 21:18,2026-09-09 21:19:00,PUT,30,S30A_MTF,NEUTRAL,1.16364,1.16361,WIN,2.999999999997449e-05,False,True,21,Wed,2026-09,,,0.00010533333333333876
369,1788988950.0,2026-09-09 21:22,2026-09-09 21:23:30,PUT,30,S30A_MTF,NEUTRAL,1.16359,1.163655,LOSS,-6.500000000020378e-05,False,True,21,Wed,2026-09,,,0.00010583333333333834
370,1788989010.0,2026-09-09 21:23,2026-09-09 21:24:30,PUT,30,S30A_MTF,NEUTRAL,1.163655,1.16368,LOSS,-2.4999999999941735e-05,False,True,21,Wed,2026-09,,,0.00010641666666667178
371,1788989280.0,2026-09-09 21:28,2026-09-09 21:29:00,PUT,30,S30A_MTF,NEUTRAL,1.16362,1.16364,LOSS,-1.999999999990898e-05,False,True,21,Wed,2026-09,,,0.00010700000000000524
372,1788989340.0,2026-09-09 21:29,2026-09-09 21:30:00,PUT,30,S30A_MTF,NEUTRAL,1.16364,1.16361,WIN,2.999999999997449e-05,False,True,21,Wed,2026-09,,,0.00010708333333333911
373,1788989460.0,2026-09-09 21:31,2026-09-09 21:32:00,PUT,30,S30A_MTF,NEUTRAL,1.163625,1.16359,WIN,3.500000000000725e-05,False,True,21,Wed,2026-09,,,0.0001051666666666747
374,1788989940.0,2026-09-09 21:39,2026-09-09 21:40:00,PUT,30,S30A_MTF,NEUTRAL,1.16361,1.16358,WIN,2.999999999997449e-05,False,True,21,Wed,2026-09,,,0.00010208333333333597
375,1788990090.0,2026-09-09 21:41,2026-09-09 21:42:30,PUT,30,S30A_MTF,NEUTRAL,1.163595,1.163595,DRAW,-0.0,False,True,21,Wed,2026-09,,,0.00010000000000000379
376,1788990270.0,2026-09-09 21:44,2026-09-09 21:45:30,PUT,30,S30A_MTF,NEUTRAL,1.1636,1.16359,WIN,1.0000000000065512e-05,False,True,21,Wed,2026-09,,,0.00010000000000000379
377,1788990360.0,2026-09-09 21:46,2026-09-09 21:47:00,PUT,30,S30A_MTF,NEUTRAL,1.163615,1.163605,WIN,1.0000000000065512e-05,False,True,21,Wed,2026-09,,,9.858333333333895e-05
378,1788990480.0,2026-09-09 21:48,2026-09-09 21:49:00,PUT,30,S30A_MTF,NEUTRAL,1.163625,1.163585,WIN,3.999999999981796e-05,False,True,21,Wed,2026-09,,,9.800000000000919e-05
379,1788990810.0,2026-09-09 21:53,2026-09-09 21:54:30,PUT,30,S30A_MTF,NEUTRAL,1.16363,1.16359,WIN,4.0000000000040004e-05,False,True,21,Wed,2026-09,,,9.750000000000592e-05
380,1788991080.0,2026-09-09 21:58,2026-09-09 21:59:00,CALL,30,S30A_MTF,NEUTRAL,1.163535,1.16356,WIN,2.4999999999941735e-05,False,True,21,Wed,2026-09,,,9.31666666666775e-05
381,1788991170.0,2026-09-09 21:59,2026-09-09 22:00:30,CALL,30,S30A_MTF,NEUTRAL,1.16353,1.163645,WIN,0.00011500000000008725,False,True,21,Wed,2026-09,,,9.300000000000974e-05
382,1788991290.0,2026-09-09 22:01,2026-09-09 22:02:30,CALL,30,S30A_MTF,NEUTRAL,1.163435,1.163425,LOSS,-1.0000000000065512e-05,False,True,22,Wed,2026-09,,,8.875000000001151e-05
383,1788991380.0,2026-09-09 22:03,2026-09-09 22:04:00,CALL,30,S30A_MTF,NEUTRAL,1.1634,1.16337,LOSS,-2.999999999997449e-05,False,True,22,Wed,2026-09,,,7.700000000000854e-05
384,1788991440.0,2026-09-09 22:04,2026-09-09 22:05:00,CALL,30,S30A_MTF,NEUTRAL,1.16337,1.163375,WIN,5.000000000032756e-06,False,True,22,Wed,2026-09,,,7.091666666667607e-05
385,1788991560.0,2026-09-09 22:06,2026-09-09 22:07:00,CALL,30,S30A_MTF,NEUTRAL,1.163365,1.163485,WIN,0.00012000000000012001,False,True,22,Wed,2026-09,,,6.525000000000928e-05
386,1788991680.0,2026-09-09 22:08,2026-09-09 22:09:00,CALL,30,S30A_MTF,NEUTRAL,1.163515,1.163535,WIN,1.999999999990898e-05,False,True,22,Wed,2026-09,,,6.441666666667419e-05
387,1788991740.0,2026-09-09 22:09,2026-09-09 22:10:00,CALL,30,S30A_MTF,NEUTRAL,1.163535,1.163535,DRAW,0.0,False,True,22,Wed,2026-09,,,6.308333333334322e-05
388,1788992580.0,2026-09-09 22:23,2026-09-09 22:24:00,PUT,30,S30A_MTF,NEUTRAL,1.1638,1.16379,WIN,9.999999999843467e-06,False,True,22,Wed,2026-09,,,5.816666666666655e-05
389,1788992760.0,2026-09-09 22:26,2026-09-09 22:27:00,PUT,30,S30A_MTF,NEUTRAL,1.163845,1.16384,WIN,5.000000000032756e-06,False,True,22,Wed,2026-09,,,5.741666666666904e-05
390,1788992880.0,2026-09-09 22:28,2026-09-09 22:29:00,PUT,30,S30A_MTF,NEUTRAL,1.16384,1.16383,WIN,1.0000000000065512e-05,False,True,22,Wed,2026-09,,,5.7499999999999216e-05
391,1788993270.0,2026-09-09 22:34,2026-09-09 22:35:30,PUT,30,S30A_MTF,NEUTRAL,1.163725,1.163665,WIN,5.999999999994898e-05,False,True,22,Wed,2026-09,,,5.9000000000001644e-05
392,1788993390.0,2026-09-09 22:36,2026-09-09 22:37:30,PUT,30,S30A_MTF,NEUTRAL,1.16368,1.16363,WIN,5.0000000000105516e-05,False,True,22,Wed,2026-09,,,5.9500000000001216e-05
393,1788993600.0,2026-09-09 22:40,2026-09-09 22:41:00,PUT,30,S30A_MTF,NEUTRAL,1.163645,1.163635,WIN,1.0000000000065512e-05,False,True,22,Wed,2026-09,,,5.933333333333346e-05
394,1788993720.0,2026-09-09 22:42,2026-09-09 22:43:00,PUT,30,S30A_MTF,NEUTRAL,1.163685,1.16372,LOSS,-3.500000000000725e-05,False,True,22,Wed,2026-09,,,5.91666666666657e-05
395,1788993840.0,2026-09-09 22:44,2026-09-09 22:45:00,PUT,30,S30A_MTF,NEUTRAL,1.163785,1.16378,WIN,5.000000000032756e-06,False,True,22,Wed,2026-09,,,6.0666666666660724e-05
396,1788993900.0,2026-09-09 22:45,2026-09-09 22:46:00,PUT,30,S30A_MTF,NEUTRAL,1.16378,1.16371,WIN,7.00000000000145e-05,False,True,22,Wed,2026-09,,,6.0666666666660724e-05
397,1788994020.0,2026-09-09 22:47,2026-09-09 22:48:00,PUT,30,S30A_MTF,NEUTRAL,1.16375,1.163705,WIN,4.500000000007276e-05,False,True,22,Wed,2026-09,,,6.133333333332435e-05
398,1788994140.0,2026-09-09 22:49,2026-09-09 22:50:00,PUT,30,S30A_MTF,NEUTRAL,1.1637,1.163685,WIN,1.4999999999876223e-05,False,True,22,Wed,2026-09,,,6.149999999999582e-05
399,1788994290.0,2026-09-09 22:51,2026-09-09 22:52:30,PUT,30,S30A_MTF,NEUTRAL,1.16369,1.163665,WIN,2.4999999999941735e-05,False,True,22,Wed,2026-09,,,6.0749999999998305e-05
400,1788994350.0,2026-09-09 22:52,2026-09-09 22:53:30,PUT,30,S30A_MTF,NEUTRAL,1.163665,1.16372,LOSS,-5.500000000013827e-05,False,True,22,Wed,2026-09,,,6.0499999999996666e-05
401,1788994470.0,2026-09-09 22:54,2026-09-09 22:55:30,PUT,30,S30A_MTF,NEUTRAL,1.16372,1.163725,LOSS,-4.999999999810711e-06,False,True,22,Wed,2026-09,,,6.066666666666442e-05
402,1788994530.0,2026-09-09 22:55,2026-09-09 22:56:30,PUT,30,S30A_MTF,NEUTRAL,1.163725,1.163705,WIN,1.999999999990898e-05,False,True,22,Wed,2026-09,,,6.0666666666660724e-05
403,1788994680.0,2026-09-09 22:58,2026-09-09 22:59:00,PUT,30,S30A_MTF,NEUTRAL,1.16372,1.16376,LOSS,-3.999999999981796e-05,False,True,22,Wed,2026-09,,,6.0749999999998305e-05
